Data,Valor,21,62,125,252
2017-01-04,61589,77,50,46,71
2017-01-05,62071,81,55,45,73
2017-01-06,61665,79,52,45,70
2017-01-09,61700,80,51,47,71
2017-01-10,62132,80,54,46,70
2017-01-11,62446,78,47,45,68
2017-01-12,63954,81,65,54,73
2017-01-13,63652,80,62,49,71
2017-01-16,63831,78,65,56,71
2017-01-17,64354,78,70,61,73
2017-01-18,64150,78,69,59,73
2017-01-19,63951,75,70,58,72
2017-01-20,64521,75,72,60,75
2017-01-23,65749,75,74,61,74
2017-01-24,65840,78,76,60,76
2017-01-26,66191,78,77,63,78
2017-01-27,66034,75,78,61,75
2017-01-30,64302,67,73,56,73
2017-01-31,64671,63,74,59,73
2017-02-01,64836,62,73,59,74
2017-02-02,64578,64,75,62,76
2017-02-03,64954,67,76,65,76
2017-02-06,63993,62,76,64,75
2017-02-07,64199,59,74,65,71
2017-02-08,64835,61,74,67,71
2017-02-09,64965,62,77,68,74
2017-02-10,66125,67,78,70,75
2017-02-13,66968,72,80,72,77
2017-02-14,66713,69,78,70,78
2017-02-15,67976,78,82,73,80
2017-02-16,67814,79,83,77,80
2017-02-17,67748,77,85,75,78
2017-02-20,68533,75,84,77,80
2017-02-21,69052,78,85,78,81
2017-02-22,68590,71,81,75,80
2017-02-23,67461,63,80,74,79
2017-02-24,66662,58,80,70,76
2017-03-01,66989,63,80,75,78
2017-03-02,65855,55,81,71,75
2017-03-03,66786,59,80,74,76
2017-03-06,66341,59,79,76,77
2017-03-07,65742,59,78,73,77
2017-03-08,64718,43,72,67,74
2017-03-09,64585,36,70,68,73
2017-03-10,64675,41,69,69,74
2017-03-13,65534,44,72,70,75
2017-03-14,64699,41,69,70,75
2017-03-15,66235,51,74,70,77
2017-03-16,65783,46,76,71,77
2017-03-17,64210,36,67,68,74
2017-03-20,64884,37,67,67,75
2017-03-21,62980,29,60,64,71
2017-03-22,63521,28,58,66,71
2017-03-23,63531,31,60,66,72
2017-03-24,63854,29,59,65,73
2017-03-27,64308,32,57,65,73
2017-03-28,64640,41,59,67,74
2017-03-29,65528,48,60,70,74
2017-03-30,65266,45,60,68,73
2017-03-31,64984,51,61,71,73
2017-04-03,65211,52,62,70,73
2017-04-04,65769,55,61,71,75
2017-04-05,64775,51,57,70,74
2017-04-06,64223,46,58,71,75
2017-04-07,64593,49,58,73,74
2017-04-10,64650,53,57,70,75
2017-04-11,64360,48,54,68,73
2017-04-12,63892,47,50,67,73
2017-04-13,62826,42,48,65,72
2017-04-17,64335,58,56,68,73
2017-04-18,64159,54,55,68,74
2017-04-19,63407,51,52,68,73
2017-04-20,63761,51,55,71,74
2017-04-24,64389,55,56,71,73
2017-04-25,65148,62,56,71,74
2017-04-26,64862,57,52,70,72
2017-04-27,64677,54,53,70,70
2017-04-28,65403,62,59,74,74
2017-05-02,66722,76,65,75,75
2017-05-03,66094,71,63,75,76
2017-05-04,64863,62,58,72,75
2017-05-05,65710,67,60,74,74
2017-05-08,65526,66,62,70,75
2017-05-09,66278,69,66,77,77
2017-05-10,67350,77,70,78,80
2017-05-11,67538,75,67,76,80
2017-05-12,68222,77,67,77,78
2017-05-15,68474,77,69,79,78
2017-05-16,68684,76,71,78,80
2017-05-17,67540,70,68,75,78
2017-05-18,61597,18,29,54,63
2017-05-19,62639,23,37,64,68
2017-05-22,61673,16,30,53,61
2017-05-23,62662,22,35,58,66
2017-05-24,63257,25,37,62,68
2017-05-25,63227,25,41,61,67
2017-05-26,64085,32,43,64,69
2017-05-29,63761,30,42,63,69
2017-05-30,63962,30,45,63,68
2017-05-31,62711,23,40,59,67
2017-06-01,62289,22,39,57,65
2017-06-02,62511,24,40,58,65
2017-06-05,62450,24,37,53,65
2017-06-06,62955,25,40,60,66
2017-06-07,63171,31,46,61,69
2017-06-08,62756,30,44,58,66
2017-06-09,62211,30,41,53,64
2017-06-12,61700,28,39,53,64
2017-06-13,61829,31,41,54,62
2017-06-14,61923,40,41,55,66
2017-06-15,61626,47,43,56,65
2017-06-16,62014,48,45,56,65
2017-06-19,60766,40,42,53,62
2017-06-20,60762,30,35,48,59
2017-06-21,61272,26,32,45,59
2017-06-22,61087,36,32,49,59
2017-06-23,62188,35,35,51,58
2017-06-26,61675,43,39,50,60
2017-06-27,62018,38,35,47,59
2017-06-28,62239,40,39,49,60
2017-06-29,62900,43,40,52,62
2017-06-30,63280,48,44,53,62
2017-07-03,63232,53,44,54,61
2017-07-04,63154,55,48,54,61
2017-07-05,62470,56,46,53,61
2017-07-06,62322,52,45,49,60
2017-07-07,63025,55,41,51,61
2017-07-10,63832,55,46,51,61
2017-07-11,64836,67,55,53,61
2017-07-12,65178,74,57,58,64
2017-07-13,65436,77,60,59,65
2017-07-14,65212,79,64,61,68
2017-07-17,65338,79,63,62,69
2017-07-18,65180,79,63,62,68
2017-07-19,64938,75,60,59,68
2017-07-20,64684,76,60,60,67
2017-07-21,65100,76,61,59,67
2017-07-24,65668,76,65,61,68
2017-07-25,65011,75,63,60,69
2017-07-26,65277,70,64,60,69
2017-07-27,65497,69,66,61,69
2017-07-28,65920,67,65,61,69
2017-07-31,66516,70,70,61,69
2017-08-01,67136,70,69,61,69
2017-08-02,66777,71,71,63,70
2017-08-03,66898,71,70,66,71
2017-08-04,67940,71,73,63,70
2017-08-07,67899,76,76,67,71
2017-08-08,67671,75,77,66,70
2017-08-09,66992,65,75,62,69
2017-08-10,67359,60,71,60,66
2017-08-11,68285,57,72,61,69
2017-08-14,68355,61,73,61,68
2017-08-15,68594,63,71,63,68
2017-08-16,67977,61,70,61,66
2017-08-17,68715,53,68,60,68
2017-08-18,68635,56,68,61,68
2017-08-21,70011,56,70,60,71
2017-08-22,70478,60,73,65,73
2017-08-23,71133,61,75,66,72
2017-08-24,71074,66,77,67,73
2017-08-25,71017,69,76,72,74
2017-08-28,71330,76,79,73,75
2017-08-29,70886,74,76,73,75
2017-08-30,70835,72,75,72,75
2017-08-31,71923,70,76,72,73
2017-09-01,72129,73,77,75,74
2017-09-04,72151,76,78,75,75
2017-09-05,73412,76,79,78,76
2017-09-06,73079,79,80,80,77
2017-09-07,74319,80,81,81,79
2017-09-08,74539,81,82,80,77
2017-09-11,74788,85,83,83,79
2017-09-12,74657,82,82,82,77
2017-09-13,75757,82,83,83,80
2017-09-14,75990,80,82,83,79
2017-09-15,75974,84,85,85,81
2017-09-18,76004,84,84,84,82
2017-09-19,75604,78,81,84,82
2017-09-20,75390,79,84,82,82
2017-09-21,74443,72,78,80,82
2017-09-22,74319,67,78,82,81
2017-09-25,73797,52,72,77,79
2017-09-26,73567,48,72,76,78
2017-09-27,74294,42,70,75,78
2017-09-28,74360,44,69,75,77
2017-09-29,76763,51,71,76,77
2017-10-02,76591,54,72,77,79
2017-10-03,76618,60,76,78,80
2017-10-04,76055,60,75,77,80
2017-10-05,75727,58,75,78,79
2017-10-06,76897,57,72,78,80
2017-10-09,76660,55,72,77,78
2017-10-10,76990,64,73,78,79
2017-10-11,76892,59,74,77,79
2017-10-12,76201,57,73,79,80
2017-10-13,76591,56,70,77,79
2017-10-16,76283,50,69,76,78
2017-10-17,76391,45,67,75,78
2017-10-18,75413,48,67,74,78
2017-10-19,76350,49,66,73,76
2017-10-20,76671,48,67,75,76
2017-10-23,75896,39,63,74,76
2017-10-24,75976,49,65,74,75
2017-10-25,74800,44,62,74,76
2017-10-26,74308,38,59,72,75
2017-10-27,73824,39,61,73,77
2017-10-30,73915,26,51,69,73
2017-10-31,74311,25,50,68,73
2017-11-01,72415,26,41,67,72
2017-11-02,74363,29,44,69,74
2017-11-03,72931,26,41,67,72
2017-11-06,72166,25,41,67,71
2017-11-07,72475,22,34,59,66
2017-11-08,70827,23,38,66,69
2017-11-09,72512,21,35,63,69
2017-11-10,73437,22,31,60,64
2017-11-13,74595,28,36,57,67
2017-11-14,74519,27,32,54,61
2017-11-15,74487,26,30,55,62
2017-11-16,74157,30,34,57,64
2017-11-17,74059,38,39,59,67
2017-11-20,74140,39,38,59,69
2017-11-21,72700,43,41,61,68
2017-11-22,71971,41,40,60,68
2017-11-23,72264,41,36,61,68
2017-11-24,73090,42,36,62,68
2017-11-27,72546,42,35,60,68
2017-11-28,73268,51,37,60,67
2017-11-29,72487,40,29,55,64
2017-11-30,72732,30,23,48,62
2017-12-01,72800,30,23,48,62
2017-12-04,73814,35,27,52,63
2017-12-05,72914,36,26,48,62
2017-12-06,72429,42,28,51,64
2017-12-07,72608,36,28,51,62
2017-12-08,73115,40,32,50,62
2017-12-11,72680,39,30,48,61
2017-12-12,73367,46,32,49,65
2017-12-13,75133,42,31,50,62
2017-12-14,75187,40,28,47,62
2017-12-15,75688,47,33,48,63
2017-12-18,76073,53,36,52,65
2017-12-19,76402,49,38,51,62
2017-12-20,76402,51,40,53,64
2017-12-21,77891,58,42,57,67
2017-12-22,77995,63,46,57,67
2017-12-25,78647,66,47,57,68
2017-12-26,79071,70,45,58,68
2017-12-27,79379,79,50,59,67
2017-12-28,78864,79,54,61,69
2017-12-29,78201,81,56,64,71
2018-01-02,79365,80,62,65,70
2018-01-03,79349,85,66,65,69
2018-01-04,79752,80,66,65,68
2018-01-05,79832,79,68,66,69
2018-01-08,81189,77,67,66,70
2018-01-09,80963,75,66,65,70
2018-01-10,81220,70,63,63,69
2018-01-11,81675,66,64,63,69
2018-01-12,80678,71,66,62,69
2018-01-15,83680,70,69,64,71
2018-01-16,85531,66,69,64,71
2018-01-17,84698,68,72,67,70
2018-01-18,84482,62,67,63,69
2018-01-19,84913,60,68,64,71
2018-01-22,85495,60,65,65,69
2018-01-23,84041,46,63,61,66
2018-01-24,81861,62,68,66,70
2018-01-25,83894,62,68,67,70
2018-01-26,82767,62,68,66,69
2018-01-29,81533,59,67,66,69
2018-01-30,80899,59,68,68,69
2018-01-31,83543,61,66,67,71
2018-02-01,84291,62,69,67,70
2018-02-02,84525,57,67,65,70
2018-02-05,84793,45,65,60,68
2018-02-06,85804,49,67,60,70
2018-02-07,86052,46,66,60,67
2018-02-08,86686,42,65,59,67
2018-02-09,87293,39,59,58,66
2018-02-14,87653,48,65,61,69
2018-02-15,86935,48,65,62,68
2018-02-16,85481,49,62,62,67
2018-02-19,85378,48,64,60,67
2018-02-20,85761,52,65,61,67
2018-02-21,86023,50,62,62,68
2018-02-22,85653,56,64,63,67
2018-02-23,85484,58,64,64,66
2018-02-26,84985,56,64,64,66
2018-02-27,86371,57,67,65,68
2018-02-28,86900,51,61,63,68
2018-03-01,86384,50,61,61,64
2018-03-02,86051,50,60,63,65
2018-03-05,84928,47,59,59,65
2018-03-06,84886,44,54,58,64
2018-03-07,83913,40,55,56,63
2018-03-08,84164,42,53,57,65
2018-03-09,84977,51,55,58,66
2018-03-12,84768,51,59,61,66
2018-03-13,84377,51,58,60,66
2018-03-14,85088,40,54,58,65
2018-03-15,83808,36,51,58,65
2018-03-16,83874,42,54,59,65
2018-03-19,85366,31,48,56,63
2018-03-20,84666,29,46,54,63
2018-03-21,84623,29,45,54,61
2018-03-22,84360,38,47,56,61
2018-03-23,85210,36,46,54,60
2018-03-26,84820,34,45,54,60
2018-03-27,83307,33,44,54,61
2018-03-28,84510,33,42,51,60
2018-03-29,85246,42,44,53,62
2018-04-02,85444,35,41,50,57
2018-04-03,84334,30,39,50,58
2018-04-04,82862,32,38,48,58
2018-04-05,84086,45,44,51,57
2018-04-06,85776,41,41,51,60
2018-04-09,85824,33,36,50,55
2018-04-10,85550,38,39,50,56
2018-04-11,85602,36,37,50,55
2018-04-12,85469,40,38,48,56
2018-04-13,85044,38,35,49,56
2018-04-16,86383,33,31,46,55
2018-04-17,86445,36,37,47,58
2018-04-18,86115,42,40,48,58
2018-04-19,84547,39,36,48,54
2018-04-20,83288,39,36,47,53
2018-04-23,83118,42,33,45,53
2018-04-24,82714,40,33,47,53
2018-04-25,82956,40,32,47,52
2018-04-26,84265,44,35,50,55
2018-04-27,85861,47,37,50,56
2018-04-30,85220,45,37,46,54
2018-05-02,85232,33,32,42,50
2018-05-03,85130,26,28,39,51
2018-05-04,86537,27,26,36,47
2018-05-07,83622,25,23,35,45
2018-05-08,83082,27,27,34,46
2018-05-09,81815,34,28,39,47
2018-05-10,82739,35,30,39,48
2018-05-11,80867,36,31,35,46
2018-05-14,80122,29,29,35,44
2018-05-15,78898,23,23,32,39
2018-05-16,75356,25,25,33,44
2018-05-17,76072,22,22,29,36
2018-05-18,76754,22,22,30,37
2018-05-21,77240,23,25,29,38
2018-05-22,78596,25,24,30,40
2018-05-23,76642,21,23,28,34
2018-05-24,76117,21,20,26,34
2018-05-25,73851,18,19,25,32
2018-05-28,72942,11,14,16,28
2018-05-29,72308,11,11,16,29
2018-05-30,72754,15,15,19,29
2018-06-01,72122,21,17,20,31
2018-06-04,71421,24,18,23,32
2018-06-05,70758,20,17,19,30
2018-06-06,69815,20,15,18,29
2018-06-07,71394,14,14,15,28
2018-06-08,72123,12,15,15,24
2018-06-11,70075,15,15,15,26
2018-06-12,70641,17,15,15,25
2018-06-13,70953,22,15,15,25
2018-06-14,71405,19,15,15,25
2018-06-15,70609,21,15,14,23
2018-06-18,71767,25,16,15,22
2018-06-19,72763,27,15,15,24
2018-06-20,72840,31,16,15,25
2018-06-21,73668,29,16,14,21
2018-06-22,74743,32,16,14,22
2018-06-25,74553,31,17,15,23
2018-06-26,75010,38,17,15,24
2018-06-27,74862,34,17,15,24
2018-06-28,74399,41,16,16,25
2018-06-29,75856,45,20,18,26
2018-07-02,76594,44,21,18,27
2018-07-03,76653,55,22,18,26
2018-07-04,78130,63,22,18,27
2018-07-05,77363,61,21,18,26
2018-07-06,77487,65,28,20,28
2018-07-10,78571,68,32,22,29
2018-07-11,77996,64,29,19,27
2018-07-12,79155,67,34,21,31
2018-07-13,80218,67,37,25,32
2018-07-16,79405,69,36,25,31
2018-07-17,79866,70,42,26,34
2018-07-18,80276,64,40,24,33
2018-07-19,79220,69,44,25,32
2018-07-20,79302,71,54,26,35
2018-07-23,79637,72,51,25,34
2018-07-24,81435,75,55,26,35
2018-07-25,81051,73,63,28,36
2018-07-26,80347,65,56,26,35
2018-07-27,79152,62,55,26,33
2018-07-30,78768,56,50,24,31
2018-07-31,76514,47,47,23,29
2018-08-01,77496,54,51,23,29
2018-08-02,78602,51,51,26,31
2018-08-03,77078,57,57,28,33
2018-08-06,76819,55,54,25,33
2018-08-07,76029,48,57,25,31
2018-08-08,76328,38,54,26,32
2018-08-09,75180,33,51,25,31
2018-08-10,76902,24,40,22,27
2018-08-13,75634,28,42,25,27
2018-08-14,76262,39,54,24,28
2018-08-15,77930,30,50,21,25
2018-08-16,77473,30,45,23,28
2018-08-17,78389,24,40,22,25
2018-08-20,76404,28,45,20,26
2018-08-21,76678,20,37,19,24
2018-08-22,76193,27,40,21,24
2018-08-23,74712,23,31,18,23
2018-08-24,75092,22,30,19,24
2018-08-27,76416,31,38,21,25
2018-08-28,76436,28,36,20,25
2018-08-29,74657,34,40,21,26
2018-08-30,75125,29,30,21,24
2018-08-31,74687,30,34,22,25
2018-09-03,75429,32,31,22,25
2018-09-04,76789,34,30,22,25
2018-09-05,78314,31,31,22,26
2018-09-06,78169,37,33,22,25
2018-09-10,78116,37,33,24,26
2018-09-11,79444,27,26,21,25
2018-09-12,77984,25,24,22,24
2018-09-13,78630,27,25,22,23
2018-09-14,78656,29,27,23,24
2018-09-17,80000,37,32,25,24
2018-09-18,79342,40,32,25,24
2018-09-19,78624,43,35,26,25
2018-09-20,81612,45,35,28,27
2018-09-21,83273,51,41,29,27
2018-09-24,82953,43,32,27,25
2018-09-25,82322,46,35,29,26
2018-09-26,86084,47,38,31,27
2018-09-27,86088,52,42,33,28
2018-09-28,83679,48,39,33,27
2018-10-01,82921,42,35,30,27
2018-10-02,83360,61,49,39,32
2018-10-03,85718,71,57,49,36
2018-10-04,85764,72,58,46,36
2018-10-05,83847,70,57,49,37
2018-10-08,84220,74,62,56,42
2018-10-09,85597,76,65,58,44
2018-10-10,85300,72,61,54,40
2018-10-11,83064,71,59,54,38
2018-10-15,84084,68,60,55,38
2018-10-16,85720,71,65,57,42
2018-10-17,83797,74,65,62,44
2018-10-18,86886,74,65,61,43
2018-10-19,87424,72,69,62,46
2018-10-22,88419,77,73,67,48
2018-10-23,89598,79,75,72,50
2018-10-24,88669,73,72,68,47
2018-10-25,87714,71,72,69,50
2018-10-26,85620,68,70,66,49
2018-10-29,85641,62,67,63,48
2018-10-30,85525,65,72,68,52
2018-10-31,84914,72,73,69,51
2018-11-01,85973,79,78,71,53
2018-11-05,88515,79,80,72,55
2018-11-06,87901,76,77,74,55
2018-11-07,87269,72,78,73,53
2018-11-08,87477,60,76,71,52
2018-11-09,86230,60,73,72,51
2018-11-12,85547,57,74,71,51
2018-11-13,87891,56,73,71,51
2018-11-14,89251,58,73,70,53
2018-11-16,89710,67,77,74,56
2018-11-19,89504,61,75,72,55
2018-11-21,89820,61,75,74,56
2018-11-22,88624,63,73,72,55
2018-11-23,89040,60,74,71,55
2018-11-26,88846,54,71,68,53
2018-11-27,88115,56,72,71,55
2018-11-28,85915,58,72,71,57
2018-11-29,86420,60,73,72,57
2018-11-30,86977,60,74,71,57
2018-12-03,87838,63,74,74,59
2018-12-04,87450,56,71,71,57
2018-12-05,86400,60,72,71,58
2018-12-06,86610,59,72,71,58
2018-12-07,85674,59,71,69,56
2018-12-10,85269,46,67,69,55
2018-12-11,85697,49,65,67,55
2018-12-12,85136,51,65,70,57
2018-12-13,85460,54,66,70,55
2018-12-14,87887,58,66,70,54
2018-12-17,91012,53,67,69,54
2018-12-18,91564,56,67,71,55
2018-12-19,91841,55,66,71,55
2018-12-20,91699,56,67,69,55
2018-12-21,92032,55,66,69,57
2018-12-26,93613,53,67,69,54
2018-12-27,93806,53,65,69,54
2018-12-28,93658,63,68,71,58
2019-01-02,94474,77,74,75,64
2019-01-03,94056,77,74,74,64
2019-01-04,94393,76,75,76,64
2019-01-07,95351,76,76,75,64
2019-01-08,96097,76,77,75,64
2019-01-09,96010,78,77,76,68
2019-01-10,95103,77,80,75,68
2019-01-11,96558,83,81,77,69
2019-01-14,97677,83,83,78,68
2019-01-15,95444,80,82,77,68
2019-01-16,95639,79,83,79,67
2019-01-17,96996,79,83,81,69
2019-01-18,97394,78,82,80,69
2019-01-21,97861,77,80,82,71
2019-01-22,98589,75,80,79,68
2019-01-23,98311,74,82,79,69
2019-01-24,94636,74,82,80,70
2019-01-28,94406,70,81,79,69
2019-01-29,95343,71,81,80,69
2019-01-30,94413,71,80,80,70
2019-01-31,96168,68,79,80,70
2019-02-01,95842,68,82,80,72
2019-02-04,98015,67,80,82,73
2019-02-05,97526,67,80,83,72
2019-02-06,96510,54,79,80,70
2019-02-07,97659,46,74,79,69
2019-02-08,96545,44,76,79,69
2019-02-11,96932,38,73,78,69
2019-02-12,97886,40,74,79,69
2019-02-13,97240,38,73,80,69
2019-02-14,97603,48,76,80,70
2019-02-15,97307,43,73,79,70
2019-02-18,95584,41,71,79,71
2019-02-19,94604,42,72,79,69
2019-02-20,94217,34,66,78,70
2019-02-21,94340,39,66,78,69
2019-02-22,95365,47,71,80,71
2019-02-25,98027,43,69,80,71
2019-02-26,97828,44,69,78,70
2019-02-27,98904,43,71,79,70
2019-02-28,98605,37,67,77,71
2019-03-01,99137,36,66,77,71
2019-03-06,99994,34,62,75,70
2019-03-07,99588,32,53,75,69
2019-03-08,98041,37,60,76,70
2019-03-11,96729,51,62,75,70
2019-03-12,93735,48,63,75,70
2019-03-13,93662,49,63,77,71
2019-03-14,95307,46,56,71,69
2019-03-15,91903,50,63,75,72
2019-03-18,94389,53,65,77,72
2019-03-19,95415,50,64,77,73
2019-03-20,96054,47,59,77,73
2019-03-21,95387,42,55,73,72
2019-03-22,94491,28,44,70,70
2019-03-25,96313,30,48,67,70
2019-03-26,97108,36,49,70,71
2019-03-27,97369,18,32,58,65
2019-03-28,96292,25,38,63,68
2019-03-29,95953,30,41,63,69
2019-04-01,94755,35,41,64,70
2019-04-02,92875,35,37,62,69
2019-04-03,93083,33,38,62,68
2019-04-04,94333,37,39,61,69
2019-04-05,93285,41,40,64,70
2019-04-08,94578,38,40,60,69
2019-04-09,94588,33,35,60,69
2019-04-10,95923,32,35,57,68
2019-04-11,95045,33,31,55,67
2019-04-12,96552,25,29,55,66
2019-04-15,96236,28,28,55,66
2019-04-16,96188,32,31,55,65
2019-04-17,96353,31,28,53,63
2019-04-18,95528,40,30,55,66
2019-04-22,96008,44,33,55,65
2019-04-23,95009,46,39,55,66
2019-04-24,94389,47,35,55,65
2019-04-25,95597,54,40,56,68
2019-04-26,94808,51,39,56,66
2019-04-29,94258,49,39,53,66
2019-04-30,91727,50,36,53,65
2019-05-02,92092,44,37,51,64
2019-05-03,91623,45,36,53,66
2019-05-06,90024,44,36,49,63
2019-05-07,89993,47,38,48,63
2019-05-08,91946,56,45,54,65
2019-05-09,94485,53,45,53,64
2019-05-10,94361,50,45,52,65
2019-05-13,93910,38,36,46,62
2019-05-14,93628,43,36,48,61
2019-05-15,94864,30,35,46,61
2019-05-16,96393,27,30,42,61
2019-05-17,96567,28,31,42,60
2019-05-20,97457,37,38,46,61
2019-05-21,97030,50,44,49,62
2019-05-22,97020,51,44,50,63
2019-05-23,97380,50,43,48,63
2019-05-24,95999,44,40,46,62
2019-05-27,97205,54,44,50,65
2019-05-28,97821,60,53,50,65
2019-05-29,97467,65,52,52,65
2019-05-30,98960,69,52,57,64
2019-05-31,98321,68,55,55,64
2019-06-03,98774,69,57,57,65
2019-06-04,98040,67,58,57,64
2019-06-05,97623,63,56,54,65
2019-06-06,99404,71,58,58,65
2019-06-07,100303,73,63,60,66
2019-06-10,102013,74,61,58,67
2019-06-11,102062,76,64,59,68
2019-06-12,100093,74,63,59,67
2019-06-13,100689,76,67,60,69
2019-06-14,100724,74,65,60,68
2019-06-17,100967,68,66,60,68
2019-06-18,101340,71,69,62,70
2019-06-19,100605,78,71,65,73
2019-06-21,102043,81,74,70,74
2019-06-24,103636,81,77,69,76
2019-06-25,104089,75,73,67,74
2019-06-26,104530,77,75,67,75
2019-06-27,105817,75,73,68,75
2019-06-28,105146,79,76,69,74
2019-07-01,103906,76,75,68,75
2019-07-02,103803,73,77,67,74
2019-07-03,103775,81,78,71,75
2019-07-04,103856,84,82,75,79
2019-07-05,104717,84,84,75,78
2019-07-08,103452,86,85,76,78
2019-07-10,103949,84,89,78,80
2019-07-11,103704,82,87,77,80
2019-07-12,104120,81,88,74,80
2019-07-15,102655,80,86,74,80
2019-07-16,102819,78,86,74,80
2019-07-17,103483,76,86,74,80
2019-07-18,102933,77,87,77,80
2019-07-19,101812,69,85,75,78
2019-07-22,102126,71,81,74,77
2019-07-23,102674,62,81,74,75
2019-07-24,100098,62,80,73,75
2019-07-25,102164,57,79,71,75
2019-07-26,102782,59,78,73,76
2019-07-29,104115,62,79,74,76
2019-07-30,103996,64,81,72,76
2019-07-31,101915,59,78,72,75
2019-08-01,103299,58,76,71,75
2019-08-02,100258,52,76,70,75
2019-08-05,99057,44,74,66,72
2019-08-06,99806,50,75,68,73
2019-08-07,99469,53,74,68,74
2019-08-08,99222,59,78,72,75
2019-08-09,101202,59,77,73,76
2019-08-12,100011,57,73,71,72
2019-08-13,97667,61,73,72,72
2019-08-14,96430,46,67,66,71
2019-08-15,97276,35,59,63,68
2019-08-16,98194,43,59,62,69
2019-08-19,100524,45,57,62,70
2019-08-20,101135,44,58,63,68
2019-08-21,100626,46,59,65,70
2019-08-22,99681,45,61,65,69
2019-08-23,101201,38,51,61,68
2019-08-26,102243,32,46,60,66
2019-08-27,102935,30,45,60,66
2019-08-28,103181,32,48,61,67
2019-08-29,103032,48,56,66,71
2019-08-30,103446,61,62,69,73
2019-09-02,104371,58,61,68,71
2019-09-03,103501,52,57,67,70
2019-09-04,103680,59,62,67,71
2019-09-05,104617,63,59,69,73
2019-09-06,104532,56,63,67,73
2019-09-09,104339,53,60,68,72
2019-09-10,104817,57,57,68,73
2019-09-11,104638,68,66,71,73
2019-09-12,103876,66,63,71,73
2019-09-13,104481,58,60,69,73
2019-09-16,105319,56,56,69,73
2019-09-17,105078,62,59,71,74
2019-09-18,104745,62,62,72,75
2019-09-19,104053,63,58,72,74
2019-09-20,101031,63,59,73,73
2019-09-23,101516,59,59,72,72
2019-09-24,102551,51,54,68,72
2019-09-25,100573,46,51,69,71
2019-09-26,99981,51,59,69,71
2019-09-27,101249,48,54,68,71
2019-09-30,101817,55,56,70,72
2019-10-01,103832,51,54,70,72
2019-10-02,104302,35,47,67,68
2019-10-03,104490,37,50,66,68
2019-10-04,105423,46,50,68,69
2019-10-07,105016,35,45,63,67
2019-10-08,104729,34,42,61,65
2019-10-09,106022,40,48,62,68
2019-10-10,107381,39,48,64,67
2019-10-11,107544,50,52,64,68
2019-10-14,106986,54,54,66,67
2019-10-15,107364,50,50,62,67
2019-10-16,108187,52,53,63,67
2019-10-17,107556,56,53,66,68
2019-10-18,108408,56,54,67,68
2019-10-21,107220,61,58,68,68
2019-10-22,108196,69,62,71,70
2019-10-23,108601,65,61,72,69
2019-10-24,108451,59,61,68,69
2019-10-25,108336,59,60,67,68
2019-10-28,109581,60,61,68,69
2019-10-29,107629,57,62,68,69
2019-10-30,108215,63,63,70,69
2019-10-31,106785,57,60,68,69
2019-11-01,105914,70,67,74,69
2019-11-04,106557,69,66,74,72
2019-11-05,106347,64,66,73,71
2019-11-06,105618,67,69,74,71
2019-11-07,107497,70,69,75,73
2019-11-08,108692,61,66,70,72
2019-11-11,108424,59,66,71,72
2019-11-12,107059,47,62,66,72
2019-11-13,107708,48,60,66,72
2019-11-14,108290,58,65,67,70
2019-11-18,108233,53,65,65,70
2019-11-19,109061,54,65,67,69
2019-11-21,108956,60,66,70,74
2019-11-22,110301,67,72,70,74
2019-11-25,110622,67,72,71,74
2019-11-26,111126,59,66,67,73
2019-11-27,110977,57,65,67,72
2019-11-28,110672,65,70,70,74
2019-11-29,110964,64,70,70,74
2019-12-02,112200,63,73,70,74
2019-12-03,112565,63,74,72,76
2019-12-04,111896,70,74,72,77
2019-12-05,112616,72,74,72,76
2019-12-06,114315,78,80,76,77
2019-12-09,115131,78,78,77,77
2019-12-10,115121,78,79,76,78
2019-12-11,115863,84,78,78,79
2019-12-12,117203,84,78,77,80
2019-12-13,116534,82,81,79,81
2019-12-16,115964,85,82,80,83
2019-12-17,118573,85,83,79,83
2019-12-18,117707,85,85,81,84
2019-12-19,116878,86,85,83,83
2019-12-20,116662,85,85,82,82
2019-12-23,116247,86,88,83,84
2019-12-26,115947,88,86,85,85
2019-12-27,115503,86,88,85,86
2019-12-30,117325,88,89,85,86
2020-01-02,117632,90,89,85,86
2020-01-03,116414,88,89,85,86
2020-01-06,116704,86,90,87,86
2020-01-07,118478,84,90,87,87
2020-01-08,118862,82,89,89,87
2020-01-09,117026,83,90,88,87
2020-01-10,118391,79,89,88,88
2020-01-13,119528,83,91,89,87
2020-01-14,118376,78,90,88,86
2020-01-15,114482,78,90,86,86
2020-01-16,116479,78,90,87,87
2020-01-17,115385,75,89,88,86
2020-01-20,115528,73,91,88,87
2020-01-21,113761,67,89,88,85
2020-01-22,114629,70,90,88,88
2020-01-23,115557,70,91,89,88
2020-01-24,116028,65,86,87,88
2020-01-27,115190,45,82,85,85
2020-01-28,113770,50,82,84,85
2020-01-29,112570,47,83,85,85
2020-01-30,115371,36,81,84,84
2020-01-31,116674,32,77,83,84
2020-02-03,115662,35,79,83,85
2020-02-04,114381,44,79,83,85
2020-02-05,115309,46,82,83,86
2020-02-06,114977,38,80,84,85
2020-02-07,116518,27,74,82,84
2020-02-10,114586,20,62,78,82
2020-02-11,113681,25,68,79,83
2020-02-12,105718,33,70,81,82
2020-02-13,102984,32,71,79,81
2020-02-14,104172,31,65,78,82
2020-02-17,106625,34,64,78,82
2020-02-18,105537,36,63,78,82
2020-02-19,107224,41,65,76,82
2020-02-20,102233,34,59,75,80
2020-02-21,97997,32,56,68,76
2020-02-26,86067,12,27,59,70
2020-02-27,92214,7,20,51,66
2020-02-28,85171,5,18,46,60
2020-03-02,72583,16,27,54,65
2020-03-03,82678,14,26,54,63
2020-03-04,71168,20,31,56,62
2020-03-05,74617,10,16,36,55
2020-03-06,66895,6,12,31,49
2020-03-09,68332,3,3,12,33
2020-03-10,67069,3,5,20,42
2020-03-11,63570,2,3,12,33
2020-03-12,69729,3,3,5,17
2020-03-13,74956,3,2,8,25
2020-03-16,77710,2,1,2,11
2020-03-17,73429,2,1,3,13
2020-03-18,74640,2,1,1,8
2020-03-19,73020,2,1,1,8
2020-03-20,70967,2,1,2,8
2020-03-23,72253,4,2,3,6
2020-03-24,69538,7,2,2,9
2020-03-25,74073,11,2,4,14
2020-03-26,76358,20,2,5,18
2020-03-27,78625,14,2,4,14
2020-03-30,77682,20,2,5,14
2020-03-31,78836,21,3,4,12
2020-04-01,79918,17,2,4,13
2020-04-02,78831,22,2,4,12
2020-04-03,77812,22,2,4,11
2020-04-06,78990,31,3,4,13
2020-04-07,78973,45,3,6,15
2020-04-08,80687,56,3,6,15
2020-04-09,79673,60,3,3,14
2020-04-13,75331,67,4,6,13
2020-04-14,78239,85,6,6,17
2020-04-15,81312,83,6,6,17
2020-04-16,83171,82,5,7,15
2020-04-17,80506,80,4,6,15
2020-04-20,78876,81,6,9,16
2020-04-22,79471,85,8,8,20
2020-04-23,79064,77,8,8,19
2020-04-24,78119,49,8,9,14
2020-04-27,80263,60,10,9,16
2020-04-28,79065,73,10,10,18
2020-04-29,77872,77,10,11,18
2020-04-30,77772,70,9,10,16
2020-05-04,79011,55,10,10,17
2020-05-05,77557,55,10,10,18
2020-05-06,81194,43,11,10,18
2020-05-07,80742,32,13,11,18
2020-05-08,81319,36,15,11,18
2020-05-11,83027,29,14,11,18
2020-05-12,82173,28,16,11,18
2020-05-13,85663,28,17,12,18
2020-05-14,85469,29,19,13,18
2020-05-15,87946,29,20,13,18
2020-05-18,86949,44,26,12,20
2020-05-19,87403,43,29,12,20
2020-05-20,88620,50,31,12,20
2020-05-21,91046,62,36,13,22
2020-05-22,93002,59,37,12,20
2020-05-25,93829,79,46,14,25
2020-05-26,94637,80,50,14,25
2020-05-27,97645,85,67,19,26
2020-05-28,96747,85,68,19,26
2020-05-29,94686,81,68,19,26
2020-06-01,92795,84,78,20,26
2020-06-02,92376,85,87,24,30
2020-06-03,93531,87,92,26,35
2020-06-04,95547,88,94,26,36
2020-06-05,96125,89,94,30,39
2020-06-08,96572,90,95,38,45
2020-06-09,95336,88,95,38,44
2020-06-10,95975,85,94,31,41
2020-06-12,94377,85,93,27,39
2020-06-15,95983,81,92,26,34
2020-06-16,93834,80,93,26,36
2020-06-17,95735,83,94,32,40
2020-06-18,95056,84,95,34,42
2020-06-19,96203,83,94,41,44
2020-06-22,96235,84,94,42,44
2020-06-23,96765,84,95,44,48
2020-06-24,98937,71,94,41,43
2020-06-25,97761,72,94,43,44
2020-06-26,99770,56,92,37,39
2020-06-29,99160,61,94,43,44
2020-06-30,100032,60,93,45,44
2020-07-01,98697,61,93,49,46
2020-07-02,100440,61,91,47,46
2020-07-03,101791,65,92,52,48
2020-07-06,100553,78,94,58,51
2020-07-07,102888,73,93,57,51
2020-07-08,104426,80,94,62,53
2020-07-09,104310,78,92,63,53
2020-07-10,104290,74,93,63,52
2020-07-13,102293,66,90,60,49
2020-07-14,102382,69,88,61,50
2020-07-15,104477,70,92,67,52
2020-07-16,104109,64,91,64,53
2020-07-17,105605,74,92,70,55
2020-07-20,105009,78,92,74,56
2020-07-21,102912,75,89,72,54
2020-07-22,102830,69,88,70,53
2020-07-23,101216,52,88,66,51
2020-07-24,102802,51,87,68,52
2020-07-27,104126,52,87,68,51
2020-07-28,102776,51,86,68,52
2020-07-29,103444,50,89,73,53
2020-07-30,102174,54,85,72,55
2020-07-31,102118,43,81,68,55
2020-08-03,100461,38,76,69,52
2020-08-04,101353,30,70,64,50
2020-08-05,99595,34,75,68,53
2020-08-06,102065,45,77,75,54
2020-08-07,100854,42,76,76,52
2020-08-10,101468,40,74,73,51
2020-08-11,101521,38,74,78,50
2020-08-12,102298,34,65,76,48
2020-08-13,102118,26,53,69,46
2020-08-14,100627,29,56,73,48
2020-08-17,100624,20,42,64,42
2020-08-18,102143,27,51,74,45
2020-08-19,99369,28,45,73,44
2020-08-20,102168,35,46,76,46
2020-08-21,101911,43,51,81,48
2020-08-24,100721,48,52,79,48
2020-08-25,101242,53,54,79,49
2020-08-26,100050,38,47,77,45
2020-08-27,101292,36,41,76,45
2020-08-28,98835,43,46,77,47
2020-08-31,98363,36,39,73,43
2020-09-01,100275,48,47,77,46
2020-09-02,100298,50,46,80,50
2020-09-03,99676,40,43,76,46
2020-09-04,100098,45,43,77,45
2020-09-08,98290,41,40,80,43
2020-09-09,96991,43,44,76,45
2020-09-10,97294,35,37,71,42
2020-09-11,95735,24,31,66,40
2020-09-14,97012,40,38,73,43
2020-09-15,96999,35,37,68,41
2020-09-16,94666,35,36,69,42
2020-09-17,93580,33,35,66,41
2020-09-18,94603,25,30,62,39
2020-09-21,95479,16,25,54,37
2020-09-22,94016,19,27,53,37
2020-09-23,96089,18,23,49,35
2020-09-24,95615,18,23,50,36
2020-09-25,95526,19,24,51,36
2020-09-28,97920,14,21,42,33
2020-09-29,97483,14,21,40,33
2020-09-30,98503,19,20,43,33
2020-10-01,99334,27,26,45,35
2020-10-02,99054,26,24,42,33
2020-10-05,98309,29,27,45,35
2020-10-06,98658,32,28,44,36
2020-10-07,100540,36,27,46,35
2020-10-08,100552,45,31,49,36
2020-10-09,101918,47,31,50,38
2020-10-13,101260,48,30,49,39
2020-10-14,101017,58,32,49,39
2020-10-15,99606,55,31,49,38
2020-10-16,95369,51,32,48,38
2020-10-19,96582,62,32,49,38
2020-10-20,93952,69,37,52,38
2020-10-21,95587,68,38,53,38
2020-10-22,97811,68,40,51,36
2020-10-23,100774,70,44,52,38
2020-10-26,100799,61,41,52,36
2020-10-27,103913,52,40,49,38
2020-10-28,105351,26,24,36,32
2020-10-29,104532,30,28,38,33
2020-10-30,102175,19,24,33,30
2020-11-03,104512,24,27,35,32
2020-11-04,106430,34,33,37,34
2020-11-05,107229,54,40,47,37
2020-11-06,106483,63,49,50,39
2020-11-09,106517,64,55,53,38
2020-11-10,107379,63,56,52,39
2020-11-11,109786,60,53,52,39
2020-11-12,110133,47,46,46,37
2020-11-13,110227,63,56,51,39
2020-11-16,110575,70,57,54,44
2020-11-17,108888,69,59,52,44
2020-11-18,111335,65,55,52,44
2020-11-19,111814,64,58,50,44
2020-11-23,112919,67,56,50,43
2020-11-24,113682,73,63,53,46
2020-11-25,113625,79,69,57,47
2020-11-26,113571,81,68,58,47
2020-11-27,112722,80,68,57,47
2020-11-30,114992,69,62,52,44
2020-12-01,115323,68,66,57,49
2020-12-02,114975,74,71,59,50
2020-12-03,116146,77,75,61,51
2020-12-04,117947,77,74,64,53
2020-12-07,118157,76,72,64,54
2020-12-08,117679,73,73,63,53
2020-12-09,116016,65,70,59,51
2020-12-10,116348,68,71,61,51
2020-12-11,117857,70,72,64,54
2020-12-14,119051,72,74,65,54
2020-12-15,119475,77,77,65,55
2020-12-16,119306,80,78,68,55
2020-12-17,118558,75,78,66,54
2020-12-18,119223,67,76,65,55
2020-12-21,119851,51,70,58,50
2020-12-22,121956,46,68,57,48
2020-12-23,125077,53,69,59,52
2020-12-28,122807,58,71,61,53
2020-12-29,123998,63,77,62,57
2020-12-30,122040,65,73,62,57
2021-01-04,123481,52,68,62,54
2021-01-05,120502,44,63,58,53
2021-01-06,121242,40,58,52,52
2021-01-07,120673,40,53,50,50
2021-01-08,119708,51,66,57,54
2021-01-11,118443,48,61,54,53
2021-01-12,117172,53,62,57,53
2021-01-13,116464,45,60,58,54
2021-01-14,115882,59,69,62,58
2021-01-15,119314,54,65,63,57
2021-01-18,116007,51,64,61,56
2021-01-19,117365,47,62,62,57
2021-01-20,118234,47,62,59,57
2021-01-21,119725,39,59,57,54
2021-01-22,119261,34,53,55,52
2021-01-26,119925,33,46,51,51
2021-01-27,119516,30,46,55,51
2021-01-28,119429,46,58,60,56
2021-01-29,118430,26,44,55,53
2021-02-01,119235,40,50,56,54
2021-02-02,119116,50,57,57,57
2021-02-03,120391,55,60,59,62
2021-02-04,119140,51,53,56,59
2021-02-05,118748,50,51,58,58
2021-02-08,112668,50,50,56,58
2021-02-09,115227,46,48,54,55
2021-02-10,115668,33,42,50,53
2021-02-11,112256,38,42,50,53
2021-02-12,110035,35,40,48,54
2021-02-17,110335,33,41,48,54
2021-02-18,111540,27,37,47,52
2021-02-19,111184,27,33,45,52
2021-02-22,112690,21,27,34,47
2021-02-23,115202,23,29,39,49
2021-02-24,110612,26,29,35,48
2021-02-25,111331,17,25,29,44
2021-02-26,112776,13,23,29,41
2021-03-01,114984,17,23,28,41
2021-03-02,114160,19,21,30,42
2021-03-03,114851,21,22,28,40
2021-03-04,114019,23,24,31,43
2021-03-05,116549,30,26,35,46
2021-03-08,114835,18,19,27,41
2021-03-09,116222,22,23,27,41
2021-03-10,114979,28,24,31,42
2021-03-11,113262,36,27,35,48
2021-03-12,112064,38,26,35,49
2021-03-15,113750,50,29,39,52
2021-03-16,114781,43,28,36,49
2021-03-17,115419,64,35,41,54
2021-03-18,116850,53,29,38,51
2021-03-19,116634,66,36,44,54
2021-03-22,115253,66,35,44,53
2021-03-23,117518,62,34,43,54
2021-03-24,117499,50,30,38,50
2021-03-25,117624,63,35,44,52
2021-03-26,118313,61,35,43,51
2021-03-29,117670,54,35,42,50
2021-03-30,118812,69,41,47,54
2021-03-31,119297,69,41,46,53
2021-04-01,120295,63,41,44,52
2021-04-05,120701,72,43,47,54
2021-04-06,121114,77,50,50,55
2021-04-07,120934,70,48,50,54
2021-04-08,120062,72,51,51,54
2021-04-09,119371,72,52,50,54
2021-04-12,120530,74,54,52,53
2021-04-13,120595,73,56,52,54
2021-04-14,119388,68,56,48,55
2021-04-15,121053,70,60,52,56
2021-04-16,120066,72,60,57,57
2021-04-19,118894,74,60,55,57
2021-04-20,119209,74,59,54,57
2021-04-22,117712,67,58,52,55
2021-04-23,119564,72,65,52,56
2021-04-26,119921,66,62,53,57
2021-04-27,122038,57,59,50,55
2021-04-28,121909,63,61,50,54
2021-04-29,122964,61,61,51,54
2021-04-30,119710,56,57,48,50
2021-05-03,120706,56,60,51,52
2021-05-04,121881,51,58,49,48
2021-05-05,122938,56,61,52,52
2021-05-06,122980,55,58,51,52
2021-05-07,122636,63,62,55,53
2021-05-10,122701,57,62,54,52
2021-05-11,122592,56,62,53,51
2021-05-12,124032,44,56,50,48
2021-05-13,122988,46,61,52,52
2021-05-14,123989,55,66,57,53
2021-05-17,124367,58,69,60,53
2021-05-18,125561,56,69,59,54
2021-05-19,126216,53,66,57,54
2021-05-20,128267,57,69,58,54
2021-05-21,129601,56,65,57,52
2021-05-24,130126,59,68,57,53
2021-05-25,130776,57,68,57,53
2021-05-26,129787,60,70,60,55
2021-05-27,129907,63,75,61,57
2021-05-28,130076,68,74,59,57
2021-05-31,129441,67,74,59,56
2021-06-01,130208,77,78,66,57
2021-06-02,130091,78,78,66,57
2021-06-04,129259,77,78,68,59
2021-06-07,128057,75,78,67,59
2021-06-08,128405,71,77,68,59
2021-06-09,129265,71,77,66,59
2021-06-10,128767,74,77,68,59
2021-06-11,128428,68,75,64,57
2021-06-14,129514,67,75,67,57
2021-06-15,127256,69,76,67,58
2021-06-16,127429,64,73,68,57
2021-06-17,127327,57,70,65,56
2021-06-18,126802,55,71,66,56
2021-06-21,125666,55,71,65,56
2021-06-22,127622,54,67,67,55
2021-06-23,126920,53,66,66,55
2021-06-24,125095,56,69,67,55
2021-06-25,127019,45,63,64,54
2021-06-28,125428,42,61,65,56
2021-06-29,127594,43,58,62,55
2021-06-30,128168,44,59,62,54
2021-07-01,128407,37,56,59,52
2021-07-02,127468,46,58,63,54
2021-07-05,125960,42,58,64,53
2021-07-06,124395,37,45,56,52
2021-07-07,125401,39,51,60,53
2021-07-08,125929,32,46,57,52
2021-07-12,126147,40,50,59,54
2021-07-13,125053,44,52,59,54
2021-07-14,126004,41,54,61,55
2021-07-15,124612,35,49,59,55
2021-07-16,126286,33,42,56,52
2021-07-19,125675,24,38,52,51
2021-07-20,121801,27,40,53,53
2021-07-21,122516,30,39,53,53
2021-07-22,123577,35,40,55,53
2021-07-23,121801,27,37,52,52
2021-07-26,121633,26,34,49,51
2021-07-27,122810,20,31,44,48
2021-07-28,123019,23,34,48,48
2021-07-29,122202,24,34,45,47
2021-07-30,122056,15,26,42,45
2021-08-02,120701,21,28,43,46
2021-08-03,121194,20,30,43,45
2021-08-04,119180,15,26,40,44
2021-08-05,117904,14,22,37,42
2021-08-06,116643,14,21,37,42
2021-08-09,117165,21,24,40,41
2021-08-10,118053,20,25,39,41
2021-08-11,117472,22,25,39,42
2021-08-12,120211,19,21,36,40
2021-08-13,120818,19,18,33,40
2021-08-16,118724,15,15,27,37
2021-08-17,120678,10,11,21,33
2021-08-18,119740,11,11,21,34
2021-08-19,118781,18,14,25,38
2021-08-20,119396,25,18,27,38
2021-08-23,116677,25,19,29,38
2021-08-24,116933,36,22,34,42
2021-08-25,117869,41,23,36,42
2021-08-26,113413,33,18,29,39
2021-08-27,115361,45,20,32,40
2021-08-30,114286,40,20,31,40
2021-08-31,116404,38,20,28,39
2021-09-01,116181,41,22,29,40
2021-09-02,115063,28,18,27,37
2021-09-03,113794,28,20,26,37
2021-09-06,111439,36,22,26,37
2021-09-08,108844,17,13,19,32
2021-09-09,110250,26,17,23,35
2021-09-10,112282,25,17,22,35
2021-09-13,114064,40,20,26,36
2021-09-14,113283,41,23,28,36
2021-09-15,113583,37,22,26,36
2021-09-16,110124,32,22,26,35
2021-09-17,111107,27,20,22,34
2021-09-20,110979,16,16,17,31
2021-09-21,112900,24,15,19,31
2021-09-22,110393,31,19,20,35
2021-09-23,110458,39,21,22,36
2021-09-24,110560,33,21,22,34
2021-09-27,110585,38,23,22,34
2021-09-28,112833,24,18,18,32
2021-09-29,112180,28,18,20,32
2021-09-30,113456,31,19,21,32
2021-10-01,113185,43,22,24,34
2021-10-04,114648,28,20,19,31
2021-10-05,114428,27,20,18,29
2021-10-06,110673,24,18,16,27
2021-10-07,110786,24,18,16,27
2021-10-08,107735,32,18,18,30
2021-10-11,106296,34,19,17,27
2021-10-13,108715,45,25,20,29
2021-10-14,106420,43,24,19,29
2021-10-15,106363,54,27,21,32
2021-10-18,105705,56,29,21,30
2021-10-19,103501,31,22,17,27
2021-10-20,105551,32,21,17,26
2021-10-21,105617,17,16,13,22
2021-10-22,103412,12,15,11,18
2021-10-25,104824,21,18,15,23
2021-10-26,104781,14,15,11,19
2021-10-27,105535,15,15,11,20
2021-10-28,105968,12,11,10,18
2021-10-29,107725,15,10,10,17
2021-11-01,106312,17,14,11,19
2021-11-03,104508,27,18,13,21
2021-11-04,102945,19,13,12,18
2021-11-05,102524,25,18,11,18
2021-11-08,103035,27,19,13,17
2021-11-09,102122,30,20,14,19
2021-11-10,103663,39,22,15,21
2021-11-11,104514,58,27,18,24
2021-11-12,105811,47,24,13,23
2021-11-16,102224,29,16,12,19
2021-11-17,102814,21,11,9,14
2021-11-18,101915,26,11,9,14
2021-11-19,100775,34,14,9,15
2021-11-22,104466,25,13,10,13
2021-11-23,105070,28,15,10,14
2021-11-24,106859,29,16,11,15
2021-11-25,107558,36,21,13,17
2021-11-26,108096,24,16,11,15
2021-11-29,106291,25,16,11,15
2021-11-30,107758,21,14,11,15
2021-12-01,107383,19,12,10,15
2021-12-02,106760,26,19,13,16
2021-12-03,107370,34,22,15,18
2021-12-06,108212,41,26,15,19
2021-12-07,107201,46,28,15,18
2021-12-08,105020,60,33,17,19
2021-12-09,105500,52,29,16,19
2021-12-10,105244,63,36,16,19
2021-12-13,104891,63,33,16,20
2021-12-14,105531,52,28,14,18
2021-12-15,104864,57,32,17,19
2021-12-16,104107,52,30,16,18
2021-12-17,104822,60,34,16,19
2021-12-20,103922,42,25,14,17
2021-12-21,103514,40,23,14,17
2021-12-22,101006,39,26,14,17
2021-12-23,101561,34,25,14,18
2021-12-27,102719,42,29,16,18
2021-12-28,101945,42,32,17,18
2021-12-29,103779,40,28,16,18
2021-12-30,105686,50,36,18,18
2022-01-03,105530,31,25,16,17
2022-01-04,106928,22,21,16,16
2022-01-05,106692,14,17,13,11
2022-01-06,106522,13,16,13,12
2022-01-07,108013,16,18,15,14
2022-01-10,109102,18,17,14,13
2022-01-11,108942,21,19,16,14
2022-01-12,107752,27,22,17,16
2022-01-13,109845,27,21,19,17
2022-01-14,111573,32,24,20,17
2022-01-17,112315,32,23,18,17
2022-01-18,111478,32,23,17,17
2022-01-19,112388,40,29,20,18
2022-01-20,113147,62,39,22,18
2022-01-21,112161,61,41,22,17
2022-01-24,111696,56,37,20,17
2022-01-25,112245,65,44,24,18
2022-01-26,111996,70,48,28,20
2022-01-27,112234,76,53,30,20
2022-01-28,112461,77,56,31,21
2022-01-31,113359,82,68,38,24
2022-02-01,113572,88,68,38,24
2022-02-02,113807,84,64,35,21
2022-02-03,114660,77,61,35,20
2022-02-04,115181,68,55,32,20
2022-02-07,113528,68,54,32,20
2022-02-08,112768,63,54,33,21
2022-02-09,111725,63,56,34,20
2022-02-10,112892,64,58,35,22
2022-02-11,112008,51,53,32,22
2022-02-14,111592,50,54,32,21
2022-02-15,113142,63,63,39,23
2022-02-16,115174,63,64,37,22
2022-02-17,115166,51,57,35,21
2022-02-18,114474,46,51,33,19
2022-02-21,111593,24,39,27,18
2022-02-22,111203,33,45,32,19
2022-02-23,113900,34,45,31,19
2022-02-24,113663,33,44,29,20
2022-02-25,111713,30,43,27,20
2022-03-02,109928,34,42,30,20
2022-03-03,108959,39,45,33,21
2022-03-04,111112,31,40,30,19
2022-03-07,113076,25,32,26,19
2022-03-08,115311,27,31,27,18
2022-03-09,116155,40,44,34,20
2022-03-10,117272,38,42,33,20
2022-03-11,117457,27,36,28,20
2022-03-14,119053,24,32,27,21
2022-03-15,119081,24,31,29,19
2022-03-16,118738,32,34,29,20
2022-03-17,120014,38,41,34,24
2022-03-18,120260,60,50,41,25
2022-03-21,119999,58,49,39,25
2022-03-22,121570,72,55,43,28
2022-03-23,121280,77,59,46,28
2022-03-24,118885,80,68,51,31
2022-03-25,118228,81,70,54,30
2022-03-28,118862,81,69,53,32
2022-03-29,118322,84,76,59,34
2022-03-30,116953,82,75,57,31
2022-03-31,116147,78,70,54,32
2022-04-01,116782,80,75,60,33
2022-04-04,116182,79,75,60,33
2022-04-05,115687,73,68,57,31
2022-04-06,115057,62,59,50,30
2022-04-07,114344,57,59,48,30
2022-04-08,111078,49,54,48,30
2022-04-11,110685,38,48,43,28
2022-04-12,108213,36,48,43,28
2022-04-13,109349,39,49,45,28
2022-04-14,109919,29,48,43,27
2022-04-18,107876,31,45,42,27
2022-04-19,106639,28,45,44,27
2022-04-20,106528,26,44,45,27
2022-04-22,108344,15,36,40,24
2022-04-25,105304,18,37,40,24
2022-04-26,105135,13,31,34,21
2022-04-27,103250,17,30,34,22
2022-04-28,103110,22,33,36,22
2022-04-29,104397,18,27,30,21
2022-05-02,105688,13,24,27,20
2022-05-03,106924,16,22,27,19
2022-05-04,108233,27,30,35,21
2022-05-05,108789,21,24,29,19
2022-05-06,106247,17,22,24,17
2022-05-09,107005,13,17,22,17
2022-05-10,108488,13,18,24,16
2022-05-11,110346,14,19,24,17
2022-05-12,110581,22,25,28,18
2022-05-13,110580,35,27,29,21
2022-05-16,111890,39,31,33,21
2022-05-17,111942,48,33,35,22
2022-05-18,111032,35,28,31,20
2022-05-19,111351,39,28,31,20
2022-05-20,111360,43,30,32,20
2022-05-23,112393,54,36,35,21
2022-05-24,111102,52,33,35,21
2022-05-25,110186,53,36,36,21
2022-05-26,110070,63,38,39,22
2022-05-27,108368,63,40,39,23
2022-05-30,107094,64,36,37,22
2022-05-31,105481,57,37,36,23
2022-06-01,102598,51,34,37,22
2022-06-02,102063,61,37,38,23
2022-06-03,102807,52,33,36,21
2022-06-06,99825,37,30,33,21
2022-06-07,99853,29,26,30,21
2022-06-08,99685,23,23,30,21
2022-06-09,99522,18,20,27,21
2022-06-10,98080,15,17,24,20
2022-06-13,98672,7,12,21,17
2022-06-14,100764,7,10,20,17
2022-06-15,100591,8,13,22,18
2022-06-17,99622,8,10,20,17
2022-06-20,98542,7,10,18,16
2022-06-21,98954,7,9,16,14
2022-06-22,98609,6,10,15,14
2022-06-23,98295,9,10,15,14
2022-06-24,98719,10,9,15,14
2022-06-27,100730,14,12,18,15
2022-06-28,100289,14,11,17,14
2022-06-29,98212,10,8,15,14
2022-06-30,98271,12,10,15,13
2022-07-01,97881,17,10,15,14
2022-07-04,96121,15,10,13,13
2022-07-05,96551,19,8,13,13
2022-07-06,96916,31,10,14,13
2022-07-07,98245,42,14,16,14
2022-07-08,98287,44,16,19,15
2022-07-11,99033,38,12,16,15
2022-07-12,98925,42,16,16,14
2022-07-13,100270,44,17,17,15
2022-07-14,99772,38,15,13,14
2022-07-15,101438,44,17,15,15
2022-07-18,102597,37,15,16,14
2022-07-19,103165,44,19,17,14
2022-07-20,102225,63,24,19,15
2022-07-21,103362,69,29,18,16
2022-07-22,103775,65,28,21,16
2022-07-25,105892,63,31,21,17
2022-07-26,106472,53,26,20,17
2022-07-27,108402,73,38,23,18
2022-07-28,108651,81,45,26,20
2022-07-29,110236,80,45,29,21
2022-08-01,109718,79,47,29,20
2022-08-02,112764,77,47,29,22
2022-08-03,113032,84,54,33,23
2022-08-04,113512,89,66,42,27
2022-08-05,113708,91,68,45,28
2022-08-08,113813,90,72,46,29
2022-08-09,111496,90,70,44,29
2022-08-10,110501,91,76,53,36
2022-08-11,112857,87,72,49,32
2022-08-12,112898,89,78,52,36
2022-08-15,113532,91,81,58,39
2022-08-16,112299,86,81,54,38
2022-08-17,112323,86,79,55,39
2022-08-18,110431,78,79,51,35
2022-08-19,109523,65,73,46,33
2022-08-22,110405,57,69,44,29
2022-08-23,110864,66,76,49,34
2022-08-24,112203,72,80,52,36
2022-08-25,109764,70,81,54,40
2022-08-26,109916,61,80,53,34
2022-08-29,112300,61,80,52,36
2022-08-30,113407,46,76,48,34
2022-08-31,110794,43,76,47,33
2022-09-01,110547,48,77,51,36
2022-09-02,109954,50,77,53,37
2022-09-05,109280,56,77,54,41
2022-09-06,111824,42,72,47,37
2022-09-08,112517,41,73,48,38
2022-09-09,111936,51,75,56,42
2022-09-12,114070,57,77,59,43
2022-09-13,111716,42,73,54,40
2022-09-14,109114,40,71,52,38
2022-09-15,108376,36,68,51,39
2022-09-16,108451,33,65,48,37
2022-09-19,107664,44,69,53,41
2022-09-20,110037,48,68,53,41
2022-09-21,116134,51,70,56,44
2022-09-22,116230,59,74,58,45
2022-09-23,117198,54,69,56,43
2022-09-26,117561,35,59,46,41
2022-09-27,116375,24,54,44,38
2022-09-28,115941,27,54,47,39
2022-09-29,114827,22,46,42,38
2022-09-30,114300,35,51,48,40
2022-10-03,112072,60,66,58,43
2022-10-04,113624,61,66,58,43
2022-10-05,115743,60,67,60,44
2022-10-06,116274,66,66,61,45
2022-10-07,117171,60,66,59,44
2022-10-10,119929,62,67,59,44
2022-10-11,116013,53,61,58,42
2022-10-13,114626,54,60,56,42
2022-10-14,112764,38,51,55,42
2022-10-17,114641,47,57,59,44
2022-10-18,114539,58,61,60,48
2022-10-19,116037,58,58,61,47
2022-10-20,116929,50,57,61,46
2022-10-21,116896,62,62,64,48
2022-10-24,118155,53,57,62,47
2022-10-25,115342,44,52,60,45
2022-10-26,116160,31,41,55,42
2022-10-27,113580,45,50,60,47
2022-10-28,109775,47,50,60,48
2022-10-31,112253,61,56,65,50
2022-11-01,113161,66,63,66,52
2022-11-03,110243,71,66,67,52
2022-11-04,109703,70,67,67,51
2022-11-07,108880,53,54,63,47
2022-11-08,109748,54,55,63,49
2022-11-09,109037,46,49,60,47
2022-11-10,108683,14,26,45,39
2022-11-11,111831,21,29,42,39
2022-11-14,108977,21,33,45,40
2022-11-16,108782,12,25,33,33
2022-11-17,110910,10,21,33,33
2022-11-18,112486,10,17,31,31
2022-11-21,110926,14,24,36,34
2022-11-22,111924,14,20,31,31
2022-11-23,109401,10,18,28,30
2022-11-24,109533,19,24,36,36
2022-11-25,109361,12,19,32,31
2022-11-28,107245,10,17,30,29
2022-11-29,107689,13,20,34,33
2022-11-30,105264,21,22,35,34
2022-12-01,103892,14,18,33,31
2022-12-02,103803,24,20,35,33
2022-12-05,103738,15,17,30,28
2022-12-06,102825,19,18,29,29
2022-12-07,104530,22,18,29,29
2022-12-08,106979,15,15,24,25
2022-12-09,107313,16,14,25,23
2022-12-12,107317,12,10,19,21
2022-12-13,109698,11,10,18,20
2022-12-14,108738,14,11,20,19
2022-12-15,108347,16,12,21,21
2022-12-16,110237,16,12,20,19
2022-12-19,110031,22,11,20,23
2022-12-20,106376,34,16,25,26
2022-12-21,104166,40,17,26,26
2022-12-22,105334,44,19,25,28
2022-12-23,107518,67,23,28,30
2022-12-26,108836,59,25,29,29
2022-12-27,109227,43,19,24,26
2022-12-28,110912,67,27,30,30
2022-12-29,111763,64,27,29,30
2023-01-02,111877,32,17,25,28
2023-01-03,110916,22,12,21,26
2023-01-04,109213,24,12,20,26
2023-01-05,111439,47,15,22,29
2023-01-06,112452,60,18,25,29
2023-01-09,113006,60,21,26,30
2023-01-10,112301,76,30,33,35
2023-01-11,111709,83,40,36,38
2023-01-12,113028,80,33,32,38
2023-01-13,114195,67,29,30,35
2023-01-16,114109,56,28,30,33
2023-01-17,112502,65,34,33,35
2023-01-18,111888,68,37,36,37
2023-01-19,113532,72,40,38,36
2023-01-20,112303,63,36,37,36
2023-01-23,109935,61,37,33,34
2023-01-24,108490,72,48,38,38
2023-01-25,108456,83,53,41,42
2023-01-26,107920,81,55,40,42
2023-01-27,109882,74,50,37,38
2023-01-30,107783,62,48,39,40
2023-01-31,108150,74,57,43,42
2023-02-01,108846,69,56,41,41
2023-02-02,107659,58,55,40,41
2023-02-03,109442,36,46,31,37
2023-02-06,109905,34,46,30,37
2023-02-07,109303,26,45,27,34
2023-02-08,107152,36,50,33,39
2023-02-09,107720,21,38,26,34
2023-02-10,105873,26,40,30,36
2023-02-13,105711,33,40,33,36
2023-02-14,104932,25,36,30,34
2023-02-15,104385,37,46,36,38
2023-02-16,103326,38,48,34,37
2023-02-17,103866,37,46,32,38
2023-02-22,104700,28,40,28,37
2023-02-23,104228,25,42,29,35
2023-02-24,106540,20,36,27,34
2023-02-27,105071,24,35,28,33
2023-02-28,103618,22,36,25,33
2023-03-01,103121,16,31,24,31
2023-03-02,102932,16,29,24,29
2023-03-03,102675,18,28,21,30
2023-03-06,103435,27,32,25,30
2023-03-07,101982,29,34,24,30
2023-03-08,100923,57,45,33,37
2023-03-09,100998,57,46,32,34
2023-03-10,100221,42,39,29,33
2023-03-13,97926,45,38,28,33
2023-03-14,98829,41,37,25,30
2023-03-15,99670,45,38,28,30
2023-03-16,101185,50,41,29,32
2023-03-17,101793,37,33,22,26
2023-03-20,103713,22,25,17,24
2023-03-21,101882,22,22,18,21
2023-03-22,101506,24,24,18,21
2023-03-23,101869,12,15,14,17
2023-03-24,100978,21,22,17,20
2023-03-27,100822,26,26,20,24
2023-03-28,101847,40,29,23,28
2023-03-29,106214,40,29,24,26
2023-03-30,106890,57,37,29,33
2023-03-31,106458,48,32,27,30
2023-04-03,106279,34,26,24,26
2023-04-04,106016,43,29,26,29
2023-04-05,106163,37,25,25,26
2023-04-06,103913,37,27,24,28
2023-04-10,104367,43,25,26,29
2023-04-11,103947,73,49,37,39
2023-04-12,103220,81,51,44,41
2023-04-13,102312,78,53,47,41
2023-04-14,102923,77,53,45,41
2023-04-17,104432,77,50,46,41
2023-04-18,101927,72,48,42,41
2023-04-19,101797,49,42,32,35
2023-04-20,102174,54,43,36,37
2023-04-24,105148,55,40,36,36
2023-04-25,106042,46,39,35,33
2023-04-26,107114,43,41,34,34
2023-04-27,107448,50,44,38,37
2023-04-28,108256,66,51,43,40
2023-05-02,108464,48,45,38,34
2023-05-03,109029,54,50,40,34
2023-05-04,108194,59,52,43,38
2023-05-05,109460,75,59,53,46
2023-05-08,110108,76,62,53,46
2023-05-09,110745,79,68,56,49
2023-05-10,110213,80,71,61,48
2023-05-11,109929,83,74,64,50
2023-05-12,108800,78,74,63,51
2023-05-15,110054,81,75,64,53
2023-05-16,110906,70,68,61,50
2023-05-17,110333,77,72,65,55
2023-05-18,108967,82,78,68,59
2023-05-19,108335,86,81,70,61
2023-05-22,110565,87,85,69,62
2023-05-23,112558,85,81,68,61
2023-05-24,112696,79,77,67,60
2023-05-25,114610,82,80,70,63
2023-05-26,115488,82,83,72,64
2023-05-29,117019,83,84,72,64
2023-05-30,117336,72,78,69,62
2023-05-31,116743,64,78,69,61
2023-06-01,119069,71,82,72,65
2023-06-02,119221,81,86,76,65
2023-06-05,118758,80,86,76,66
2023-06-06,119858,90,90,81,67
2023-06-07,119622,92,90,81,68
2023-06-09,120420,92,90,84,70
2023-06-12,118934,92,91,83,71
2023-06-13,118977,82,90,80,69
2023-06-14,118243,89,91,83,71
2023-06-15,117523,89,92,84,72
2023-06-16,116681,85,92,83,72
2023-06-19,118383,86,93,86,73
2023-06-20,118087,86,90,86,73
2023-06-21,119673,85,90,85,75
2023-06-22,119076,77,87,81,70
2023-06-23,119549,81,88,82,72
2023-06-26,117426,69,86,81,70
2023-06-27,118898,56,83,77,68
2023-06-28,117942,42,82,76,68
2023-06-29,117220,63,84,79,70
2023-06-30,117666,70,85,78,72
2023-07-03,119264,70,87,82,73
2023-07-04,117711,68,87,82,74
2023-07-05,118219,69,87,84,76
2023-07-06,117841,54,84,81,72
2023-07-07,117552,66,86,84,75
2023-07-10,118083,58,85,82,73
2023-07-11,120217,50,81,81,71
2023-07-12,121342,46,78,80,71
2023-07-13,122008,57,81,80,72
2023-07-14,122560,34,77,78,69
2023-07-17,119990,42,77,78,69
2023-07-18,120187,42,76,80,69
2023-07-19,121943,41,72,78,67
2023-07-20,121248,45,73,78,68
2023-07-21,120859,57,77,81,70
2023-07-24,120586,64,81,84,72
2023-07-25,119508,68,82,83,75
2023-07-26,119380,68,82,84,74
2023-07-27,119090,55,80,83,74
2023-07-28,118409,62,80,84,72
2023-07-31,118350,70,81,87,73
2023-08-01,118065,69,81,87,75
2023-08-02,116810,69,80,85,73
2023-08-03,116171,66,77,85,74
2023-08-04,115592,67,77,85,75
2023-08-07,114982,61,73,84,74
2023-08-08,115409,58,69,84,73
2023-08-09,114429,51,65,79,69
2023-08-10,116156,51,64,81,72
2023-08-11,118135,45,64,80,71
2023-08-14,117026,38,56,78,69
2023-08-15,115837,36,55,78,69
2023-08-16,117121,36,52,74,66
2023-08-17,118404,24,46,70,64
2023-08-18,117535,25,48,73,65
2023-08-21,115742,21,40,70,64
2023-08-22,117893,29,46,74,68
2023-08-23,117777,38,50,76,70
2023-08-24,117331,38,49,73,66
2023-08-25,115985,27,41,69,65
2023-08-28,115313,27,42,72,66
2023-08-29,116883,40,47,76,69
2023-08-30,117968,37,43,74,68
2023-08-31,118176,21,33,65,61
2023-09-01,119392,38,41,71,64
2023-09-04,118758,38,40,69,64
2023-09-05,118288,32,36,68,62
2023-09-06,117846,24,33,63,61
2023-09-08,118695,22,30,60,60
2023-09-11,116145,37,35,66,62
2023-09-12,116009,52,42,68,65
2023-09-13,115925,58,43,71,65
2023-09-14,114193,58,41,73,66
2023-09-15,114327,51,41,69,68
2023-09-18,115731,46,38,65,63
2023-09-19,116565,38,36,63,62
2023-09-20,115057,45,38,64,64
2023-09-21,113419,30,30,60,61
2023-09-22,113607,28,29,53,61
2023-09-25,113284,28,26,50,61
2023-09-26,114170,17,23,48,57
2023-09-27,115156,12,21,45,54
2023-09-28,116737,25,24,50,59
2023-09-29,117051,31,31,53,63
2023-10-02,115754,20,24,46,57
2023-10-03,116534,12,18,37,52
2023-10-04,115908,19,21,39,54
2023-10-05,114060,19,18,37,50
2023-10-06,114004,15,18,36,50
2023-10-09,113155,20,21,40,51
2023-10-10,112785,40,34,45,58
2023-10-11,113762,39,33,44,57
2023-10-13,112830,25,24,37,50
2023-10-16,114777,28,23,37,50
2023-10-17,113301,24,19,30,48
2023-10-18,112532,12,15,24,44
2023-10-19,113144,17,14,24,45
2023-10-20,115053,16,14,24,45
2023-10-23,118160,26,18,29,46
2023-10-24,118487,33,22,32,48
2023-10-25,119268,25,18,27,46
2023-10-26,119099,46,26,38,48
2023-10-27,119012,27,16,28,45
2023-10-30,120636,15,12,21,42
2023-10-31,120376,20,14,24,44
2023-11-01,123328,36,22,29,46
2023-11-03,124576,74,43,41,57
2023-11-06,125062,68,42,39,55
2023-11-07,126095,79,49,47,61
2023-11-08,125607,82,50,44,61
2023-11-09,126035,75,49,44,58
2023-11-10,126576,81,55,49,61
2023-11-13,125542,78,56,47,62
2023-11-14,125683,89,67,57,69
2023-11-16,126538,91,72,64,73
2023-11-17,126101,90,70,62,72
2023-11-20,127331,91,72,63,74
2023-11-21,128103,89,66,57,70
2023-11-22,126803,82,64,58,71
2023-11-23,126903,84,69,60,70
2023-11-24,125623,76,64,54,70
2023-11-27,126010,77,64,56,69
2023-11-28,127094,82,67,60,70
2023-11-29,126916,76,68,57,70
2023-11-30,126403,72,68,59,70
2023-12-01,129465,79,73,62,73
2023-12-04,130842,69,68,58,70
2023-12-05,130197,72,71,61,70
2023-12-06,131084,67,69,60,70
2023-12-07,131851,71,74,62,73
2023-12-08,130804,70,76,63,73
2023-12-11,132182,65,73,63,72
2023-12-12,132753,66,74,63,73
2023-12-13,133533,85,82,72,76
2023-12-14,134194,86,86,74,77
2023-12-15,134185,79,84,73,77
2023-12-18,132697,84,86,75,77
2023-12-19,132834,86,86,76,78
2023-12-20,131226,84,86,73,78
2023-12-21,132023,84,86,76,78
2023-12-22,132427,86,88,76,80
2023-12-26,131447,86,88,78,81
2023-12-27,130841,88,90,80,80
2023-12-28,130649,83,89,83,81
2024-01-02,130988,60,81,69,79
2024-01-03,131521,62,81,70,78
2024-01-04,129294,43,78,66,74
2024-01-05,128524,49,80,70,76
2024-01-08,127316,58,81,75,80
2024-01-09,127636,51,81,73,78
2024-01-10,126602,45,76,71,77
2024-01-11,128263,33,77,70,75
2024-01-12,127816,40,80,73,77
2024-01-15,128169,40,79,73,76
2024-01-16,128967,27,72,65,74
2024-01-17,128503,25,67,64,73
2024-01-18,127402,17,55,60,69
2024-01-19,127752,21,58,64,70
2024-01-22,128481,16,50,56,66
2024-01-23,127182,24,58,62,70
2024-01-24,127593,21,54,62,67
2024-01-25,130416,24,53,62,68
2024-01-26,129608,27,56,62,68
2024-01-29,128217,24,52,60,66
2024-01-30,128026,17,42,53,65
2024-01-31,127018,25,50,57,66
2024-02-01,127804,29,50,60,64
2024-02-02,128726,23,42,56,62
2024-02-05,129036,25,36,53,62
2024-02-06,129916,41,44,56,65
2024-02-07,130032,49,46,58,66
2024-02-08,130241,33,37,52,64
2024-02-09,129419,34,38,53,62
2024-02-14,129609,26,32,45,60
2024-02-15,131689,30,31,48,61
2024-02-16,130155,41,35,50,62
2024-02-19,129020,41,37,51,62
2024-02-20,129180,60,44,56,65
2024-02-21,128341,56,44,53,65
2024-02-22,128098,62,47,58,65
2024-02-23,128890,54,41,57,64
2024-02-26,128340,53,42,56,65
2024-02-27,127071,70,56,64,68
2024-02-28,126124,66,50,60,68
2024-02-29,127668,59,44,60,66
2024-03-01,128006,61,50,59,67
2024-03-04,127690,50,44,55,64
2024-03-05,126742,53,47,56,65
2024-03-06,126954,54,48,58,64
2024-03-07,127529,50,46,57,64
2024-03-08,129125,56,48,56,64
2024-03-11,128159,50,44,56,64
2024-03-12,127027,64,48,60,65
2024-03-13,126931,64,53,61,65
2024-03-14,126863,64,52,58,64
2024-03-15,127691,54,50,56,62
2024-03-18,128106,49,47,56,61
2024-03-19,126990,50,48,57,61
2024-03-20,127549,67,60,66,65
2024-03-21,127318,63,54,65,65
2024-03-22,127428,49,49,58,62
2024-03-25,126795,45,47,58,63
2024-03-26,128857,43,46,56,62
2024-03-27,129890,49,47,58,62
2024-03-28,128054,54,50,61,65
2024-04-01,127396,42,46,57,62
2024-04-02,125946,44,46,57,62
2024-04-03,125334,36,43,57,61
2024-04-04,124389,41,44,58,61
2024-04-05,124171,38,46,56,61
2024-04-08,124196,46,51,58,63
2024-04-09,125124,58,58,59,65
2024-04-10,125573,40,48,55,61
2024-04-11,125148,38,47,53,60
2024-04-12,124741,18,33,48,56
2024-04-15,124646,14,28,40,47
2024-04-16,126526,11,24,37,46
2024-04-17,127352,9,24,34,45
2024-04-18,125924,10,22,32,45
2024-04-19,127122,17,25,36,46
2024-04-22,128509,16,26,35,48
2024-04-23,128466,16,23,32,48
2024-04-24,129210,13,22,31,46
2024-04-25,129481,16,22,30,46
2024-04-26,128188,25,29,36,48
2024-04-29,127600,35,33,38,49
2024-04-30,128155,21,26,32,46
2024-05-02,128515,38,30,37,49
2024-05-03,128028,58,42,45,53
2024-05-06,128284,54,37,40,52
2024-05-07,128151,55,35,40,50
2024-05-08,127751,59,34,41,51
2024-05-09,127412,51,32,33,49
2024-05-10,125650,43,30,33,45
2024-05-13,124729,49,30,34,47
2024-05-14,124306,54,33,34,48
2024-05-15,124496,57,36,38,49
2024-05-16,123780,60,40,40,50
2024-05-17,122707,56,36,41,50
2024-05-20,122098,57,38,42,50
2024-05-21,122032,54,40,40,52
2024-05-22,121802,36,30,30,46
2024-05-23,121407,30,29,29,45
2024-05-24,122899,26,27,29,41
2024-05-27,120767,26,29,28,41
2024-05-28,120760,17,23,26,40
2024-05-29,121635,12,20,24,36
2024-05-31,119936,9,17,21,34
2024-06-03,119568,14,18,24,35
2024-06-04,119662,13,15,24,33
2024-06-05,119138,10,14,20,33
2024-06-06,119630,23,18,24,34
2024-06-07,120261,10,12,21,29
2024-06-10,120446,8,11,17,28
2024-06-11,121341,14,17,21,30
2024-06-12,122637,8,12,17,28
2024-06-13,122331,9,12,16,28
2024-06-14,122641,10,14,17,27
2024-06-17,124308,8,11,15,24
2024-06-18,123907,12,10,15,25
2024-06-19,124718,18,13,14,26
2024-06-20,124787,21,14,14,25
2024-06-21,125662,32,19,17,27
2024-06-24,126164,51,23,21,32
2024-06-25,126267,51,24,21,30
2024-06-26,126548,52,22,20,30
2024-06-27,127108,76,33,24,36
2024-06-28,127218,65,28,23,33
2024-07-01,128294,62,29,25,33
2024-07-02,128897,59,35,23,34
2024-07-03,129321,79,44,30,39
2024-07-04,129110,87,56,38,42
2024-07-05,129450,89,58,41,44
2024-07-08,127652,89,58,38,42
2024-07-09,127616,92,61,42,44
2024-07-10,127860,93,64,43,44
2024-07-11,126590,90,72,46,50
2024-07-12,126423,94,77,49,49
2024-07-15,125954,93,77,50,50
2024-07-16,127492,92,74,49,49
2024-07-17,126954,88,74,52,52
2024-07-18,126139,69,58,40,43
2024-07-19,127652,59,58,39,43
2024-07-22,127395,67,65,43,46
2024-07-23,125854,46,52,38,41
2024-07-24,125270,33,47,34,37
2024-07-25,126267,29,45,34,36
2024-07-26,127514,38,54,35,40
2024-07-29,128661,28,41,33,37
2024-07-30,130615,22,37,31,37
2024-07-31,131116,28,48,35,38
2024-08-01,132398,28,45,36,40
2024-08-02,133318,31,49,33,38
2024-08-05,134153,22,44,32,36
2024-08-06,133953,25,43,32,37
2024-08-07,135778,45,56,41,43
2024-08-08,136087,57,62,49,47
2024-08-09,136464,69,70,60,50
2024-08-12,135173,72,69,58,50
2024-08-13,135608,74,73,58,53
2024-08-14,136889,74,71,61,54
2024-08-15,136776,74,70,61,54
2024-08-16,137344,70,68,58,54
2024-08-19,136041,83,77,65,60
2024-08-20,136004,81,76,66,58
2024-08-21,134981,81,78,68,60
2024-08-22,134353,71,73,61,57
2024-08-23,136111,80,77,67,60
2024-08-26,136502,78,77,65,60
2024-08-27,134572,74,74,66,60
2024-08-28,134737,73,75,64,58
2024-08-29,134320,55,70,60,57
2024-08-30,134677,57,68,61,58
2024-09-02,134029,49,66,60,57
2024-09-03,134882,42,64,56,55
2024-09-04,135118,60,69,62,57
2024-09-05,134960,57,69,63,59
2024-09-06,133748,48,66,59,56
2024-09-09,133123,42,62,57,54
2024-09-10,131065,39,64,59,56
2024-09-11,130568,42,65,60,56
2024-09-12,132156,33,62,58,55
2024-09-13,131586,47,69,62,56
2024-09-16,133010,50,69,62,57
2024-09-17,132730,51,66,63,57
2024-09-18,131816,47,64,63,56
2024-09-19,132495,35,55,57,54
2024-09-20,133515,14,40,46,47
2024-09-23,131672,15,37,44,48
2024-09-24,131792,22,39,50,50
2024-09-25,132018,16,37,45,46
2024-09-26,131512,16,36,46,46
2024-09-27,129962,22,38,49,49
2024-09-30,130353,20,34,46,48
2024-10-01,129992,20,33,48,45
2024-10-02,131005,32,41,56,48
2024-10-03,131043,25,34,47,44
2024-10-04,131750,27,34,48,45
2024-10-07,130793,29,34,50,45
2024-10-08,130499,29,34,49,46
2024-10-09,130362,19,29,42,41
2024-10-10,129721,20,29,42,39
2024-10-11,129233,19,28,41,39
2024-10-14,130067,30,31,45,43
2024-10-15,129893,34,32,46,43
2024-10-16,131213,43,38,45,45
2024-10-17,130730,37,34,44,44
2024-10-18,130639,38,30,40,40
2024-10-21,129713,38,32,40,41
2024-10-22,128121,28,25,37,37
2024-10-23,130515,29,24,35,37
2024-10-24,130661,44,29,38,38
2024-10-25,130341,36,24,36,35
2024-10-28,129682,50,30,39,38
2024-10-29,127830,42,26,37,37
2024-10-30,127874,46,30,41,41
2024-10-31,127698,47,26,36,40
2024-11-01,127734,29,21,34,33
2024-11-04,127792,60,35,42,41
2024-11-05,127768,66,40,43,42
2024-11-06,128197,65,41,48,38
2024-11-07,126922,45,30,41,37
2024-11-08,129126,30,25,36,37
2024-11-11,129036,35,28,38,34
2024-11-12,129922,34,29,34,34
2024-11-13,127669,33,29,34,33
2024-11-14,124610,26,25,36,33
2024-11-18,125668,28,25,33,32
2024-11-19,125236,34,29,36,35
2024-11-21,126139,29,24,33,30
2024-11-22,126087,40,31,37,35
2024-11-25,127858,47,36,38,33
2024-11-26,125946,55,46,45,40
2024-11-27,127210,29,28,34,33
2024-11-28,128228,16,19,26,25
2024-11-29,129593,21,21,28,27
2024-12-02,126042,21,22,26,25
2024-12-03,124612,23,25,28,27
2024-12-04,123560,22,24,26,26
2024-12-05,124698,26,27,28,27
2024-12-06,120772,25,22,26,26
2024-12-09,121188,26,24,28,25
2024-12-10,122102,33,31,30,28
2024-12-11,120767,48,34,33,32
2024-12-12,121078,22,24,25,26
2024-12-13,120269,17,20,22,24
2024-12-16,120283,17,18,20,22
2024-12-17,120125,17,18,20,24
2024-12-18,118533,9,14,17,20
2024-12-19,120022,8,15,18,20
2024-12-20,121163,14,16,18,22
2024-12-23,119625,7,12,18,20
2024-12-26,119781,11,10,14,18
2024-12-27,118856,12,11,15,19
2024-12-30,119007,12,12,14,18
2025-01-02,119299,11,11,14,17
2025-01-03,122650,10,10,11,17
2025-01-06,121234,17,10,13,17
2025-01-07,122350,26,13,14,18
2025-01-08,122543,18,12,12,17
2025-01-09,123338,21,12,14,17
2025-01-10,122972,13,10,13,17
2025-01-13,122483,14,11,12,17
2025-01-14,122447,20,13,13,17
2025-01-15,124862,57,20,18,18
2025-01-16,124056,42,15,15,18
2025-01-17,123432,51,18,17,17
2025-01-20,126913,60,19,17,18
2025-01-21,126135,65,20,18,19
2025-01-22,125970,70,24,18,20
2025-01-23,125147,59,22,19,20
2025-01-24,125534,64,24,20,21
2025-01-27,126225,81,39,22,26
2025-01-28,124619,73,33,21,25
2025-01-29,125572,71,33,21,24
2025-01-30,126522,88,50,29,29
2025-01-31,124380,80,49,29,33
2025-02-03,124850,80,48,27,30
2025-02-04,128219,74,45,26,29
2025-02-05,128869,68,41,28,29
2025-02-06,128532,73,50,32,33
2025-02-07,127309,58,37,26,28
2025-02-10,127601,63,49,29,29
2025-02-11,127128,71,55,33,31
2025-02-12,125401,54,45,26,28
2025-02-13,125980,61,47,29,31
2025-02-14,124769,77,69,41,39
2025-02-17,124799,81,73,44,41
2025-02-18,122799,79,70,44,37
2025-02-19,123047,64,61,37,36
2025-02-20,123358,63,64,37,34
2025-02-21,125035,56,60,36,34
2025-02-24,124519,34,49,30,31
2025-02-25,123507,42,53,30,33
2025-02-26,123864,26,48,28,29
2025-02-27,125637,28,50,30,28
2025-02-28,128957,17,40,24,26
2025-03-05,130834,22,41,26,23
2025-03-06,131475,26,46,29,26
2025-03-07,132508,45,54,35,32
2025-03-10,131955,40,48,36,31
2025-03-11,132345,36,48,34,28
2025-03-12,131321,36,52,36,30
2025-03-13,132068,48,56,37,32
2025-03-14,132520,68,63,48,39
2025-03-17,133149,74,69,51,43
2025-03-18,131902,77,70,52,44
2025-03-19,130260,84,76,54,44
2025-03-20,131147,76,72,53,44
2025-03-21,131190,75,71,54,41
2025-03-24,131141,69,68,52,42
2025-03-25,127256,75,71,56,43
2025-03-26,125588,74,76,57,43
2025-03-27,123932,77,80,58,45
2025-03-28,127796,68,72,54,45
2025-03-31,126355,60,65,49,39
2025-04-01,127682,65,70,56,40
2025-04-02,129454,65,69,56,43
2025-04-03,129245,71,70,60,47
2025-04-04,128317,47,60,51,39
2025-04-07,129650,30,54,48,35
2025-04-08,130464,28,52,46,35
2025-04-09,132216,51,61,52,40
2025-04-10,134580,45,57,52,38
2025-04-11,134739,52,62,52,40
2025-04-14,135016,59,66,55,45
2025-04-15,135093,62,68,60,46
2025-04-16,135067,61,65,60,47
2025-04-17,135134,67,69,62,48
2025-04-22,133491,70,73,68,53
2025-04-23,133516,75,75,69,56
2025-04-24,133398,85,81,76,61
2025-04-25,136232,81,79,75,61
2025-04-28,136512,83,78,73,60
2025-04-29,136563,82,79,72,60
2025-04-30,138963,75,75,72,61
2025-05-02,138423,80,80,74,64
2025-05-06,139334,70,71,69,60
2025-05-09,139187,69,69,70,57
2025-05-13,139636,77,79,73,60
2025-05-15,140110,72,79,75,62
2025-05-16,137881,76,81,76,60
2025-05-19,137273,76,78,75,62
2025-05-20,137824,73,79,76,63
2025-05-23,138136,65,72,72,62
2025-05-26,139541,63,73,75,62
2025-05-27,138888,79,80,76,64
2025-05-28,138534,75,78,75,63
2025-05-29,137027,71,79,75,63
2025-05-30,136787,63,78,75,64
2025-06-02,137546,56,73,74,63
2025-06-03,137002,64,77,76,65
2025-06-04,136236,60,75,73,64
2025-06-05,136102,54,73,72,64
2025-06-06,135699,46,71,72,65
2025-06-09,136436,41,72,73,64
2025-06-10,137128,49,72,76,65
2025-06-11,137800,46,72,76,65
2025-06-12,137213,45,72,76,65
2025-06-13,139256,40,67,74,63
2025-06-16,138840,53,76,78,66
2025-06-17,138717,51,72,75,66
2025-06-18,137116,52,72,74,65
2025-06-20,136551,34,68,71,63
2025-06-23,137165,30,66,71,63
2025-06-24,135767,46,68,71,64
2025-06-25,137114,33,65,69,62
2025-06-26,136866,42,66,70,65
2025-06-27,138855,43,65,70,65
2025-06-30,139549,62,69,72,66
2025-07-01,139051,59,70,73,66
2025-07-02,140928,44,62,72,65
2025-07-03,141478,60,69,74,65
2025-07-04,139490,62,68,74,65
2025-07-08,139303,54,66,74,65
2025-07-09,137481,36,54,70,64
2025-07-10,136743,34,48,68,65
2025-07-11,136187,28,43,66,63
2025-07-14,135299,23,40,63,62
2025-07-15,135250,28,43,65,61
2025-07-16,135511,28,45,65,60
2025-07-17,135565,29,42,64,60
2025-07-18,133382,17,30,59,56
2025-07-21,134167,18,30,59,59
2025-07-22,134036,18,28,59,59
2025-07-23,135368,26,37,62,62
2025-07-24,133808,21,31,57,61
2025-07-28,133524,13,25,56,54
2025-07-29,132129,16,25,60,56
2025-08-01,132726,27,26,54,55
2025-08-04,133990,27,25,54,55
2025-08-05,133071,31,25,54,55
2025-08-06,132437,46,31,57,56
2025-08-07,132971,59,39,65,58
2025-08-08,133151,54,43,60,57
2025-08-11,134538,51,38,57,57
2025-08-12,136528,62,48,60,57
2025-08-13,135913,56,43,56,56
2025-08-14,135623,55,45,56,56
2025-08-15,137914,56,48,57,57
2025-08-18,137321,60,50,57,59
2025-08-19,134432,45,31,54,57
