Data,21,62,125,252
2017-01-04,78,50,47,72
2017-01-05,81,55,45,74
2017-01-06,80,53,46,71
2017-01-09,80,52,47,71
2017-01-10,80,54,46,70
2017-01-11,78,48,45,68
2017-01-12,81,65,55,73
2017-01-13,81,62,49,72
2017-01-16,79,66,56,72
2017-01-17,78,70,62,73
2017-01-18,78,70,59,73
2017-01-19,75,70,59,73
2017-01-20,76,73,60,76
2017-01-23,76,74,62,75
2017-01-24,79,76,61,76
2017-01-26,79,78,63,78
2017-01-27,75,78,61,75
2017-01-30,67,74,56,74
2017-01-31,63,74,59,73
2017-02-01,63,74,60,75
2017-02-02,65,75,62,77
2017-02-03,68,77,65,77
2017-02-06,62,76,64,75
2017-02-07,60,74,65,72
2017-02-08,62,75,67,72
2017-02-09,62,77,68,75
2017-02-10,67,78,71,75
2017-02-13,73,80,72,77
2017-02-14,70,79,71,78
2017-02-15,79,83,73,80
2017-02-16,79,84,77,80
2017-02-17,78,85,75,79
2017-02-20,76,84,77,80
2017-02-21,78,85,78,82
2017-02-22,71,82,76,80
2017-02-23,63,80,74,80
2017-02-24,59,81,70,77
2017-03-01,63,80,76,78
2017-03-02,55,81,72,76
2017-03-03,59,81,74,77
2017-03-06,59,80,77,77
2017-03-07,59,78,74,77
2017-03-08,44,73,68,75
2017-03-09,37,70,68,74
2017-03-10,41,70,69,74
2017-03-13,45,73,70,76
2017-03-14,41,70,70,76
2017-03-15,52,75,71,77
2017-03-16,47,77,72,78
2017-03-17,37,68,68,75
2017-03-20,38,67,67,75
2017-03-21,29,61,64,71
2017-03-22,29,59,66,71
2017-03-23,31,60,67,72
2017-03-24,29,59,65,73
2017-03-27,32,57,66,73
2017-03-28,41,60,68,74
2017-03-29,48,61,71,74
2017-03-30,45,61,69,74
2017-03-31,52,61,72,73
2017-04-03,52,63,70,73
2017-04-04,55,62,72,76
2017-04-05,51,58,70,74
2017-04-06,46,58,71,75
2017-04-07,50,59,73,75
2017-04-10,54,57,71,75
2017-04-11,49,54,68,73
2017-04-12,47,50,67,74
2017-04-13,43,48,65,72
2017-04-17,58,56,69,73
2017-04-18,55,56,69,75
2017-04-19,51,52,69,74
2017-04-20,51,55,71,74
2017-04-24,55,57,72,74
2017-04-25,63,56,72,74
2017-04-26,57,53,70,73
2017-04-27,54,54,71,71
2017-04-28,63,60,75,75
2017-05-02,77,66,76,76
2017-05-03,72,63,75,76
2017-05-04,63,59,72,75
2017-05-05,67,61,74,74
2017-05-08,67,62,71,75
2017-05-09,70,66,78,77
2017-05-10,78,70,78,80
2017-05-11,76,68,77,80
2017-05-12,77,67,78,78
2017-05-15,78,69,79,79
2017-05-16,77,72,78,80
2017-05-17,70,69,75,78
2017-05-18,18,30,55,64
2017-05-19,23,38,64,68
2017-05-22,17,31,54,61
2017-05-23,23,35,59,66
2017-05-24,26,37,62,68
2017-05-25,25,41,62,68
2017-05-26,33,44,64,70
2017-05-29,30,43,64,69
2017-05-30,31,45,63,68
2017-05-31,24,40,59,67
2017-06-01,23,40,57,66
2017-06-02,24,41,58,66
2017-06-05,24,38,53,65
2017-06-06,25,41,61,67
2017-06-07,31,47,62,70
2017-06-08,31,45,58,66
2017-06-09,31,41,54,64
2017-06-12,28,39,54,64
2017-06-13,31,41,54,63
2017-06-14,41,41,55,66
2017-06-15,47,43,56,65
2017-06-16,48,45,56,65
2017-06-19,40,43,54,62
2017-06-20,30,35,49,60
2017-06-21,27,32,45,59
2017-06-22,36,32,50,59
2017-06-23,35,35,51,59
2017-06-26,43,39,50,60
2017-06-27,38,35,47,60
2017-06-28,40,40,50,61
2017-06-29,44,41,52,62
2017-06-30,49,45,54,63
2017-07-03,53,45,54,62
2017-07-04,55,49,55,62
2017-07-05,56,47,53,61
2017-07-06,53,46,49,61
2017-07-07,55,42,51,62
2017-07-10,56,47,51,61
2017-07-11,68,56,54,61
2017-07-12,74,58,58,64
2017-07-13,78,61,59,66
2017-07-14,80,64,62,68
2017-07-17,80,64,63,69
2017-07-18,80,63,63,68
2017-07-19,76,60,60,69
2017-07-20,76,61,60,68
2017-07-21,76,61,60,68
2017-07-24,76,66,62,69
2017-07-25,76,64,61,69
2017-07-26,70,64,60,70
2017-07-27,70,66,61,70
2017-07-28,68,66,62,70
2017-07-31,70,70,62,70
2017-08-01,70,70,62,70
2017-08-02,72,71,64,70
2017-08-03,72,71,66,71
2017-08-04,71,73,63,70
2017-08-07,77,76,67,71
2017-08-08,75,77,67,71
2017-08-09,65,75,62,69
2017-08-10,60,71,60,66
2017-08-11,58,72,62,69
2017-08-14,61,74,62,68
2017-08-15,64,72,64,68
2017-08-16,62,70,61,67
2017-08-17,53,68,61,68
2017-08-18,56,69,62,69
2017-08-21,56,70,61,71
2017-08-22,61,73,65,73
2017-08-23,61,75,67,72
2017-08-24,67,77,68,73
2017-08-25,70,77,72,75
2017-08-28,77,79,73,75
2017-08-29,74,76,73,75
2017-08-30,72,75,73,75
2017-08-31,71,77,73,74
2017-09-01,73,78,76,74
2017-09-04,77,79,76,76
2017-09-05,77,80,78,77
2017-09-06,79,80,81,78
2017-09-07,81,82,82,79
2017-09-08,82,82,81,78
2017-09-11,85,84,84,79
2017-09-12,83,83,83,78
2017-09-13,82,83,84,81
2017-09-14,80,83,83,80
2017-09-15,84,86,86,82
2017-09-18,84,84,84,82
2017-09-19,79,82,84,82
2017-09-20,79,84,83,83
2017-09-21,72,79,81,82
2017-09-22,68,79,82,82
2017-09-25,52,73,77,79
2017-09-26,49,72,77,79
2017-09-27,43,70,76,79
2017-09-28,45,69,75,77
2017-09-29,51,72,76,78
2017-10-02,55,73,78,80
2017-10-03,61,76,79,81
2017-10-04,61,76,78,81
2017-10-05,59,75,79,80
2017-10-06,57,73,79,80
2017-10-09,55,72,78,79
2017-10-10,64,74,79,80
2017-10-11,60,74,78,79
2017-10-12,57,73,79,81
2017-10-13,57,70,77,79
2017-10-16,51,70,77,79
2017-10-17,45,67,76,78
2017-10-18,49,68,75,78
2017-10-19,49,66,74,77
2017-10-20,48,67,76,77
2017-10-23,39,64,74,77
2017-10-24,49,65,74,76
2017-10-25,44,62,75,77
2017-10-26,39,59,73,76
2017-10-27,40,62,73,77
2017-10-30,26,51,69,73
2017-10-31,25,51,68,73
2017-11-01,26,42,67,73
2017-11-02,29,45,70,74
2017-11-03,27,41,68,73
2017-11-06,26,42,68,72
2017-11-07,23,35,59,67
2017-11-08,23,38,66,69
2017-11-09,22,36,64,69
2017-11-10,23,31,60,65
2017-11-13,28,36,57,68
2017-11-14,27,32,55,61
2017-11-15,27,31,55,62
2017-11-16,31,35,57,64
2017-11-17,39,39,59,68
2017-11-20,39,39,60,69
2017-11-21,43,42,61,68
2017-11-22,41,40,60,68
2017-11-23,41,37,62,69
2017-11-24,43,37,62,69
2017-11-27,43,35,60,68
2017-11-28,51,37,60,67
2017-11-29,40,29,55,65
2017-11-30,30,23,48,63
2017-12-01,31,24,49,62
2017-12-04,35,27,52,64
2017-12-05,37,27,49,62
2017-12-06,42,29,52,64
2017-12-07,37,29,52,63
2017-12-08,40,32,50,63
2017-12-11,40,30,49,62
2017-12-12,47,33,50,65
2017-12-13,42,32,50,62
2017-12-14,40,29,47,62
2017-12-15,47,34,49,64
2017-12-18,53,37,52,65
2017-12-19,49,39,52,63
2017-12-20,51,40,54,65
2017-12-21,59,43,58,67
2017-12-22,64,47,58,67
2017-12-25,66,48,58,69
2017-12-26,71,46,58,68
2017-12-27,80,50,60,67
2017-12-28,79,55,62,69
2017-12-29,81,56,64,71
2018-01-02,81,62,66,70
2018-01-03,85,67,66,69
2018-01-04,80,67,65,69
2018-01-05,79,68,67,69
2018-01-08,78,67,66,70
2018-01-09,76,66,65,71
2018-01-10,70,64,64,69
2018-01-11,66,65,63,69
2018-01-12,71,66,63,70
2018-01-15,70,70,64,71
2018-01-16,66,70,64,72
2018-01-17,68,73,67,70
2018-01-18,62,68,64,70
2018-01-19,61,69,64,71
2018-01-22,60,65,66,69
2018-01-23,47,63,62,67
2018-01-24,62,68,66,70
2018-01-25,63,69,67,71
2018-01-26,62,68,66,70
2018-01-29,59,68,66,69
2018-01-30,59,69,68,70
2018-01-31,61,67,68,72
2018-02-01,62,69,68,70
2018-02-02,57,68,66,70
2018-02-05,46,66,60,68
2018-02-06,50,67,61,70
2018-02-07,47,66,61,68
2018-02-08,43,66,59,68
2018-02-09,40,59,58,66
2018-02-14,49,65,62,69
2018-02-15,49,65,62,68
2018-02-16,49,62,63,68
2018-02-19,49,65,61,67
2018-02-20,52,65,61,68
2018-02-21,51,62,62,68
2018-02-22,56,64,64,67
2018-02-23,58,64,65,66
2018-02-26,57,64,65,67
2018-02-27,57,67,66,68
2018-02-28,51,62,63,69
2018-03-01,51,61,61,65
2018-03-02,50,61,63,65
2018-03-05,48,60,59,65
2018-03-06,45,55,58,65
2018-03-07,41,55,57,64
2018-03-08,42,54,57,65
2018-03-09,52,56,59,67
2018-03-12,51,59,62,66
2018-03-13,51,58,61,66
2018-03-14,41,54,59,65
2018-03-15,37,52,58,66
2018-03-16,43,54,59,65
2018-03-19,32,48,57,64
2018-03-20,30,46,55,63
2018-03-21,29,46,54,61
2018-03-22,38,47,57,62
2018-03-23,36,47,55,60
2018-03-26,34,46,55,61
2018-03-27,33,44,55,62
2018-03-28,33,42,52,60
2018-03-29,42,45,53,62
2018-04-02,35,41,51,58
2018-04-03,30,40,50,58
2018-04-04,33,39,49,58
2018-04-05,45,44,51,57
2018-04-06,42,41,51,60
2018-04-09,34,36,50,56
2018-04-10,39,39,50,57
2018-04-11,36,38,51,55
2018-04-12,41,38,49,57
2018-04-13,39,36,49,57
2018-04-16,34,32,46,56
2018-04-17,37,37,48,58
2018-04-18,43,40,49,58
2018-04-19,40,37,48,55
2018-04-20,40,36,47,53
2018-04-23,42,34,46,53
2018-04-24,41,34,48,53
2018-04-25,41,33,48,52
2018-04-26,45,35,51,55
2018-04-27,47,38,50,57
2018-04-30,45,38,47,55
2018-05-02,34,32,43,50
2018-05-03,27,28,40,51
2018-05-04,28,26,37,47
2018-05-07,25,24,36,46
2018-05-08,27,27,35,47
2018-05-09,35,29,40,48
2018-05-10,35,31,40,49
2018-05-11,36,32,35,47
2018-05-14,29,30,35,45
2018-05-15,23,24,32,39
2018-05-16,26,25,34,44
2018-05-17,23,22,30,36
2018-05-18,22,23,31,38
2018-05-21,24,25,30,38
2018-05-22,26,25,30,41
2018-05-23,21,24,28,34
2018-05-24,22,21,27,34
2018-05-25,18,19,25,33
2018-05-28,11,15,17,29
2018-05-29,12,12,16,29
2018-05-30,15,15,19,30
2018-06-01,22,18,21,31
2018-06-04,24,18,23,32
2018-06-05,21,17,19,31
2018-06-06,20,16,18,29
2018-06-07,14,15,15,28
2018-06-08,13,15,16,25
2018-06-11,15,15,16,26
2018-06-12,17,15,15,25
2018-06-13,22,16,16,26
2018-06-14,20,15,15,25
2018-06-15,22,16,15,24
2018-06-18,25,17,15,23
2018-06-19,28,15,15,24
2018-06-20,31,16,15,26
2018-06-21,30,17,15,22
2018-06-22,32,16,15,23
2018-06-25,31,18,15,24
2018-06-26,38,18,16,24
2018-06-27,35,17,15,24
2018-06-28,41,17,17,26
2018-06-29,46,21,18,26
2018-07-02,45,21,18,28
2018-07-03,55,22,18,26
2018-07-04,63,22,19,28
2018-07-05,61,22,18,27
2018-07-06,66,29,20,29
2018-07-10,68,32,22,29
2018-07-11,64,29,20,28
2018-07-12,67,35,21,31
2018-07-13,68,37,25,33
2018-07-16,70,37,25,31
2018-07-17,70,42,26,34
2018-07-18,65,40,25,34
2018-07-19,70,44,25,32
2018-07-20,72,54,26,35
2018-07-23,73,52,26,35
2018-07-24,76,56,27,36
2018-07-25,74,63,28,36
2018-07-26,66,56,26,35
2018-07-27,62,56,26,34
2018-07-30,56,50,25,31
2018-07-31,47,47,23,29
2018-08-01,55,52,24,30
2018-08-02,51,51,26,32
2018-08-03,58,58,28,34
2018-08-06,55,54,26,34
2018-08-07,49,58,25,32
2018-08-08,38,54,26,32
2018-08-09,34,51,26,32
2018-08-10,24,41,23,28
2018-08-13,28,42,26,27
2018-08-14,39,54,24,29
2018-08-15,31,50,22,26
2018-08-16,31,45,24,29
2018-08-17,25,41,23,26
2018-08-20,28,45,20,27
2018-08-21,21,38,19,24
2018-08-22,27,41,22,24
2018-08-23,23,32,19,24
2018-08-24,23,30,20,24
2018-08-27,32,38,22,25
2018-08-28,28,36,21,26
2018-08-29,34,41,22,27
2018-08-30,29,30,21,24
2018-08-31,31,34,22,25
2018-09-03,32,32,22,25
2018-09-04,34,30,22,25
2018-09-05,32,32,22,26
2018-09-06,37,34,22,26
2018-09-10,38,34,24,26
2018-09-11,28,26,22,25
2018-09-12,26,25,22,25
2018-09-13,28,25,23,24
2018-09-14,30,27,23,24
2018-09-17,37,32,26,24
2018-09-18,41,32,26,24
2018-09-19,43,35,26,26
2018-09-20,45,36,28,28
2018-09-21,52,41,29,28
2018-09-24,43,32,27,26
2018-09-25,46,36,30,27
2018-09-26,47,38,31,28
2018-09-27,52,43,34,28
2018-09-28,49,39,33,28
2018-10-01,43,35,31,28
2018-10-02,61,49,39,33
2018-10-03,71,58,49,36
2018-10-04,72,58,46,36
2018-10-05,70,57,49,37
2018-10-08,74,62,56,43
2018-10-09,77,66,58,44
2018-10-10,73,61,54,41
2018-10-11,71,59,55,39
2018-10-15,68,60,55,39
2018-10-16,71,65,58,43
2018-10-17,75,66,62,44
2018-10-18,74,65,62,43
2018-10-19,73,69,63,46
2018-10-22,77,74,68,49
2018-10-23,79,75,73,51
2018-10-24,74,72,68,48
2018-10-25,71,73,69,51
2018-10-26,68,70,67,49
2018-10-29,62,67,63,48
2018-10-30,66,72,69,53
2018-10-31,73,74,69,51
2018-11-01,79,79,71,54
2018-11-05,79,81,73,55
2018-11-06,77,78,74,56
2018-11-07,73,79,74,54
2018-11-08,61,76,72,52
2018-11-09,60,74,73,51
2018-11-12,58,74,71,52
2018-11-13,56,74,71,52
2018-11-14,58,74,70,54
2018-11-16,67,78,74,56
2018-11-19,61,75,73,55
2018-11-21,61,76,75,56
2018-11-22,64,74,73,55
2018-11-23,61,74,72,56
2018-11-26,54,72,68,54
2018-11-27,57,73,72,55
2018-11-28,58,72,71,58
2018-11-29,60,74,72,58
2018-11-30,60,75,71,58
2018-12-03,63,75,74,59
2018-12-04,57,71,72,57
2018-12-05,60,73,72,59
2018-12-06,59,73,72,59
2018-12-07,60,72,69,57
2018-12-10,47,67,70,55
2018-12-11,49,65,67,55
2018-12-12,51,65,70,58
2018-12-13,55,67,70,55
2018-12-14,58,67,70,54
2018-12-17,54,68,70,55
2018-12-18,57,68,71,55
2018-12-19,56,66,72,56
2018-12-20,56,67,70,55
2018-12-21,55,66,69,57
2018-12-26,53,67,70,55
2018-12-27,53,66,70,54
2018-12-28,64,68,71,59
2019-01-02,78,74,75,65
2019-01-03,77,74,74,65
2019-01-04,77,75,76,65
2019-01-07,77,77,75,64
2019-01-08,77,78,76,64
2019-01-09,78,78,76,68
2019-01-10,78,81,76,69
2019-01-11,83,81,78,69
2019-01-14,83,84,78,68
2019-01-15,81,82,78,68
2019-01-16,79,84,79,68
2019-01-17,80,84,81,69
2019-01-18,79,83,80,70
2019-01-21,78,81,83,72
2019-01-22,75,80,79,68
2019-01-23,74,82,79,70
2019-01-24,74,82,80,70
2019-01-28,71,82,79,70
2019-01-29,72,82,80,70
2019-01-30,72,81,80,71
2019-01-31,68,80,80,71
2019-02-01,68,82,81,73
2019-02-04,67,81,83,73
2019-02-05,67,80,83,72
2019-02-06,54,79,80,70
2019-02-07,46,74,79,70
2019-02-08,44,77,79,70
2019-02-11,39,74,78,70
2019-02-12,40,75,79,69
2019-02-13,39,74,81,69
2019-02-14,48,77,80,70
2019-02-15,43,73,80,71
2019-02-18,42,72,80,71
2019-02-19,42,72,79,70
2019-02-20,34,67,78,70
2019-02-21,39,66,79,70
2019-02-22,47,71,81,72
2019-02-25,44,70,80,72
2019-02-26,45,70,78,70
2019-02-27,43,71,79,71
2019-02-28,37,68,78,71
2019-03-01,37,67,78,71
2019-03-06,35,62,75,70
2019-03-07,33,54,75,69
2019-03-08,37,60,76,71
2019-03-11,52,63,76,70
2019-03-12,48,63,75,70
2019-03-13,49,64,77,71
2019-03-14,46,57,71,69
2019-03-15,51,63,76,73
2019-03-18,53,65,77,73
2019-03-19,50,64,77,74
2019-03-20,48,60,78,73
2019-03-21,42,56,73,72
2019-03-22,29,45,70,70
2019-03-25,30,48,68,70
2019-03-26,37,50,70,72
2019-03-27,19,33,58,65
2019-03-28,26,39,64,68
2019-03-29,30,41,64,69
2019-04-01,35,42,65,70
2019-04-02,36,38,63,69
2019-04-03,33,39,62,68
2019-04-04,38,40,61,69
2019-04-05,42,41,64,70
2019-04-08,38,40,61,69
2019-04-09,33,36,60,69
2019-04-10,33,36,57,68
2019-04-11,33,31,56,68
2019-04-12,25,30,56,66
2019-04-15,29,29,55,66
2019-04-16,33,31,56,65
2019-04-17,31,28,54,64
2019-04-18,40,31,55,66
2019-04-22,45,34,55,66
2019-04-23,47,39,55,66
2019-04-24,47,35,55,66
2019-04-25,54,40,57,69
2019-04-26,52,39,56,66
2019-04-29,49,39,53,66
2019-04-30,50,37,53,66
2019-05-02,45,37,52,64
2019-05-03,45,36,53,67
2019-05-06,44,37,50,64
2019-05-07,48,39,49,63
2019-05-08,56,45,55,66
2019-05-09,54,46,54,64
2019-05-10,50,45,52,65
2019-05-13,39,36,47,62
2019-05-14,44,37,48,62
2019-05-15,31,36,46,61
2019-05-16,27,31,43,61
2019-05-17,28,32,42,60
2019-05-20,37,38,47,61
2019-05-21,51,45,50,63
2019-05-22,51,45,50,64
2019-05-23,50,44,48,64
2019-05-24,45,41,46,62
2019-05-27,54,45,50,65
2019-05-28,61,53,51,65
2019-05-29,66,52,53,65
2019-05-30,70,53,57,65
2019-05-31,68,55,55,64
2019-06-03,69,58,57,66
2019-06-04,67,58,57,65
2019-06-05,64,57,55,65
2019-06-06,72,59,59,66
2019-06-07,74,64,60,66
2019-06-10,75,62,59,67
2019-06-11,77,65,59,69
2019-06-12,74,63,59,68
2019-06-13,76,67,61,69
2019-06-14,74,66,61,68
2019-06-17,68,66,61,69
2019-06-18,71,69,62,70
2019-06-19,79,72,65,74
2019-06-21,82,75,70,75
2019-06-24,81,77,70,76
2019-06-25,75,74,67,74
2019-06-26,77,75,68,76
2019-06-27,76,74,68,75
2019-06-28,79,76,70,75
2019-07-01,77,76,68,75
2019-07-02,74,77,68,74
2019-07-03,81,78,72,76
2019-07-04,85,83,75,79
2019-07-05,84,84,75,78
2019-07-08,87,85,77,78
2019-07-10,84,89,78,80
2019-07-11,83,88,77,81
2019-07-12,81,88,75,80
2019-07-15,81,87,74,80
2019-07-16,78,87,75,80
2019-07-17,76,87,75,80
2019-07-18,77,88,77,80
2019-07-19,69,85,75,78
2019-07-22,71,82,74,78
2019-07-23,62,81,75,76
2019-07-24,63,81,73,75
2019-07-25,58,79,72,76
2019-07-26,60,79,74,76
2019-07-29,62,79,74,77
2019-07-30,64,81,73,77
2019-07-31,59,79,73,76
2019-08-01,58,77,71,75
2019-08-02,53,76,70,76
2019-08-05,45,74,67,72
2019-08-06,50,75,69,73
2019-08-07,54,74,69,74
2019-08-08,60,79,72,76
2019-08-09,60,77,74,77
2019-08-12,57,73,71,72
2019-08-13,61,73,73,72
2019-08-14,46,67,67,71
2019-08-15,36,60,63,68
2019-08-16,43,60,63,70
2019-08-19,46,58,63,70
2019-08-20,45,58,63,69
2019-08-21,47,60,65,70
2019-08-22,46,61,66,70
2019-08-23,39,51,62,68
2019-08-26,33,47,61,67
2019-08-27,31,46,61,66
2019-08-28,32,48,62,67
2019-08-29,49,57,66,71
2019-08-30,61,63,70,74
2019-09-02,58,62,69,71
2019-09-03,52,58,68,71
2019-09-04,60,63,68,72
2019-09-05,64,60,70,73
2019-09-06,57,64,68,73
2019-09-09,53,61,69,73
2019-09-10,57,57,68,74
2019-09-11,68,66,71,74
2019-09-12,66,63,72,74
2019-09-13,58,61,70,74
2019-09-16,56,57,70,73
2019-09-17,62,60,71,74
2019-09-18,63,62,73,75
2019-09-19,63,58,73,75
2019-09-20,64,60,73,74
2019-09-23,60,59,73,73
2019-09-24,51,55,69,73
2019-09-25,46,52,69,71
2019-09-26,51,59,69,71
2019-09-27,49,55,69,72
2019-09-30,55,57,70,73
2019-10-01,51,54,70,73
2019-10-02,36,47,67,69
2019-10-03,38,51,66,69
2019-10-04,46,51,69,70
2019-10-07,36,46,64,67
2019-10-08,35,43,62,66
2019-10-09,40,48,62,69
2019-10-10,39,49,64,67
2019-10-11,51,52,64,69
2019-10-14,55,54,66,67
2019-10-15,51,51,63,68
2019-10-16,52,53,64,67
2019-10-17,57,53,66,69
2019-10-18,56,54,67,68
2019-10-21,62,58,69,68
2019-10-22,70,62,71,70
2019-10-23,66,62,72,69
2019-10-24,60,61,68,70
2019-10-25,59,60,67,69
2019-10-28,61,61,68,69
2019-10-29,58,63,68,69
2019-10-30,63,63,70,70
2019-10-31,58,61,69,69
2019-11-01,70,67,74,70
2019-11-04,70,67,74,73
2019-11-05,64,66,74,72
2019-11-06,67,70,74,72
2019-11-07,70,70,76,74
2019-11-08,61,66,70,72
2019-11-11,59,67,71,72
2019-11-12,48,62,66,72
2019-11-13,49,60,66,72
2019-11-14,59,66,68,70
2019-11-18,53,65,65,71
2019-11-19,54,65,67,70
2019-11-21,60,67,71,74
2019-11-22,67,73,71,74
2019-11-25,68,73,72,74
2019-11-26,60,67,67,73
2019-11-27,58,65,68,73
2019-11-28,65,70,71,74
2019-11-29,64,70,71,75
2019-12-02,64,74,71,75
2019-12-03,64,74,73,76
2019-12-04,71,75,72,77
2019-12-05,72,75,73,76
2019-12-06,78,80,77,77
2019-12-09,78,78,77,78
2019-12-10,79,79,77,79
2019-12-11,85,78,79,79
2019-12-12,84,79,78,81
2019-12-13,83,81,79,82
2019-12-16,86,83,80,84
2019-12-17,86,83,79,83
2019-12-18,86,85,82,85
2019-12-19,86,86,84,84
2019-12-20,85,85,83,82
2019-12-23,86,88,84,84
2019-12-26,88,87,85,86
2019-12-27,87,88,85,86
2019-12-30,88,89,85,87
2020-01-02,90,90,86,87
2020-01-03,89,89,85,87
2020-01-06,87,90,88,87
2020-01-07,85,90,88,88
2020-01-08,82,90,89,88
2020-01-09,83,91,89,88
2020-01-10,79,90,88,88
2020-01-13,83,92,90,88
2020-01-14,79,90,89,87
2020-01-15,79,90,86,86
2020-01-16,78,91,88,88
2020-01-17,75,90,89,87
2020-01-20,73,91,89,88
2020-01-21,67,89,89,86
2020-01-22,70,91,89,88
2020-01-23,70,91,89,89
2020-01-24,66,87,88,88
2020-01-27,46,83,86,85
2020-01-28,51,82,85,85
2020-01-29,48,83,85,85
2020-01-30,36,82,85,85
2020-01-31,33,78,83,85
2020-02-03,35,79,84,85
2020-02-04,45,80,84,85
2020-02-05,47,82,84,86
2020-02-06,39,81,85,85
2020-02-07,28,74,82,84
2020-02-10,20,62,79,82
2020-02-11,25,68,79,84
2020-02-12,33,71,81,82
2020-02-13,33,71,80,82
2020-02-14,32,66,78,82
2020-02-17,35,65,79,82
2020-02-18,37,63,78,82
2020-02-19,41,66,76,82
2020-02-20,35,60,75,80
2020-02-21,33,56,69,76
2020-02-26,12,28,59,71
2020-02-27,7,21,51,67
2020-02-28,6,19,47,60
2020-03-02,16,27,54,66
2020-03-03,15,26,54,63
2020-03-04,20,31,56,63
2020-03-05,11,17,36,56
2020-03-06,6,13,31,50
2020-03-09,3,4,13,33
2020-03-10,3,5,21,42
2020-03-11,3,3,12,34
2020-03-12,3,3,6,17
2020-03-13,4,3,9,25
2020-03-16,2,2,2,11
2020-03-17,2,2,3,14
2020-03-18,2,2,2,8
2020-03-19,2,2,2,9
2020-03-20,3,2,3,9
2020-03-23,5,2,3,6
2020-03-24,7,2,3,10
2020-03-25,11,2,5,14
2020-03-26,20,3,6,18
2020-03-27,15,3,4,14
2020-03-30,20,3,5,14
2020-03-31,22,3,4,12
2020-04-01,18,3,4,13
2020-04-02,23,3,5,12
2020-04-03,22,3,4,11
2020-04-06,31,3,5,13
2020-04-07,45,4,6,16
2020-04-08,56,4,7,16
2020-04-09,61,3,4,14
2020-04-13,67,4,6,14
2020-04-14,85,6,7,17
2020-04-15,83,7,7,18
2020-04-16,82,6,7,16
2020-04-17,81,5,7,16
2020-04-20,82,7,9,16
2020-04-22,85,8,9,20
2020-04-23,78,9,9,20
2020-04-24,50,9,9,15
2020-04-27,60,11,10,16
2020-04-28,74,10,10,18
2020-04-29,78,10,11,18
2020-04-30,71,9,11,16
2020-05-04,55,10,11,17
2020-05-05,56,11,10,18
2020-05-06,44,12,11,18
2020-05-07,32,14,12,18
2020-05-08,37,16,12,19
2020-05-11,30,15,11,18
2020-05-12,28,17,12,18
2020-05-13,28,17,12,18
2020-05-14,29,19,13,18
2020-05-15,30,20,13,18
2020-05-18,44,27,13,21
2020-05-19,44,29,13,20
2020-05-20,50,32,13,20
2020-05-21,63,36,13,22
2020-05-22,59,37,12,20
2020-05-25,79,47,14,25
2020-05-26,80,51,15,25
2020-05-27,86,67,20,27
2020-05-28,85,68,19,26
2020-05-29,82,69,20,27
2020-06-01,85,78,20,26
2020-06-02,85,87,24,31
2020-06-03,88,92,26,36
2020-06-04,89,94,26,36
2020-06-05,89,94,30,39
2020-06-08,91,95,38,45
2020-06-09,89,95,39,45
2020-06-10,85,95,32,41
2020-06-12,86,93,28,39
2020-06-15,82,92,26,35
2020-06-16,80,94,27,37
2020-06-17,84,95,33,41
2020-06-18,85,96,35,43
2020-06-19,84,95,41,44
2020-06-22,85,95,42,45
2020-06-23,85,95,44,49
2020-06-24,72,94,41,43
2020-06-25,72,94,43,45
2020-06-26,57,93,37,40
2020-06-29,62,94,44,45
2020-06-30,61,93,45,44
2020-07-01,62,93,49,47
2020-07-02,61,91,47,47
2020-07-03,65,93,52,49
2020-07-06,79,95,59,52
2020-07-07,74,94,58,52
2020-07-08,80,94,62,53
2020-07-09,79,93,63,54
2020-07-10,74,94,64,52
2020-07-13,67,90,61,50
2020-07-14,69,89,61,50
2020-07-15,70,93,67,53
2020-07-16,65,92,65,53
2020-07-17,74,93,71,56
2020-07-20,78,93,74,56
2020-07-21,75,90,72,54
2020-07-22,70,88,71,54
2020-07-23,52,89,67,51
2020-07-24,51,87,68,52
2020-07-27,52,88,68,52
2020-07-28,52,86,69,52
2020-07-29,51,89,73,53
2020-07-30,54,86,72,56
2020-07-31,43,81,69,55
2020-08-03,39,76,70,53
2020-08-04,31,70,65,51
2020-08-05,34,75,69,53
2020-08-06,46,77,76,54
2020-08-07,42,76,77,53
2020-08-10,41,74,74,51
2020-08-11,39,74,79,51
2020-08-12,35,65,76,48
2020-08-13,27,54,69,46
2020-08-14,30,57,74,48
2020-08-17,21,42,65,43
2020-08-18,28,52,75,46
2020-08-19,28,46,74,45
2020-08-20,35,46,77,47
2020-08-21,44,51,81,48
2020-08-24,48,53,80,48
2020-08-25,53,55,80,49
2020-08-26,38,48,77,45
2020-08-27,36,42,76,45
2020-08-28,44,47,77,47
2020-08-31,37,39,74,44
2020-09-01,48,48,77,46
2020-09-02,51,47,81,50
2020-09-03,41,43,77,47
2020-09-04,46,44,77,46
2020-09-08,42,41,80,44
2020-09-09,43,44,76,45
2020-09-10,35,37,72,42
2020-09-11,24,31,66,40
2020-09-14,41,39,73,43
2020-09-15,36,38,69,42
2020-09-16,35,37,70,42
2020-09-17,34,36,66,42
2020-09-18,26,30,62,40
2020-09-21,16,26,54,38
2020-09-22,19,28,54,37
2020-09-23,18,24,50,35
2020-09-24,18,24,51,37
2020-09-25,19,25,52,36
2020-09-28,15,22,43,34
2020-09-29,15,21,40,33
2020-09-30,20,20,44,34
2020-10-01,28,26,45,36
2020-10-02,26,25,42,34
2020-10-05,30,27,45,35
2020-10-06,33,28,45,36
2020-10-07,36,28,46,35
2020-10-08,45,31,49,36
2020-10-09,47,31,50,39
2020-10-13,48,30,50,39
2020-10-14,58,32,50,39
2020-10-15,56,32,49,38
2020-10-16,52,32,48,38
2020-10-19,62,32,49,38
2020-10-20,69,38,52,38
2020-10-21,68,38,53,38
2020-10-22,68,40,52,36
2020-10-23,70,44,52,38
2020-10-26,62,41,53,37
2020-10-27,53,40,49,38
2020-10-28,26,24,37,32
2020-10-29,31,28,38,34
2020-10-30,20,25,33,30
2020-11-03,24,27,35,33
2020-11-04,34,33,37,35
2020-11-05,55,41,47,38
2020-11-06,64,50,51,39
2020-11-09,65,55,54,39
2020-11-10,64,56,53,39
2020-11-11,61,53,52,39
2020-11-12,48,46,47,38
2020-11-13,64,56,51,40
2020-11-16,70,58,54,44
2020-11-17,70,60,52,44
2020-11-18,65,55,52,45
2020-11-19,65,58,51,44
2020-11-23,68,56,50,44
2020-11-24,73,63,53,46
2020-11-25,79,69,58,47
2020-11-26,82,69,59,47
2020-11-27,80,69,58,48
2020-11-30,69,62,53,45
2020-12-01,69,66,58,49
2020-12-02,74,71,59,50
2020-12-03,78,76,61,52
2020-12-04,78,75,64,53
2020-12-07,76,72,64,55
2020-12-08,74,74,64,54
2020-12-09,65,71,59,52
2020-12-10,69,71,62,51
2020-12-11,70,73,65,54
2020-12-14,73,74,65,54
2020-12-15,78,78,66,56
2020-12-16,80,79,68,56
2020-12-17,76,78,67,55
2020-12-18,68,77,65,56
2020-12-21,52,71,59,51
2020-12-22,47,68,57,49
2020-12-23,54,70,60,53
2020-12-28,59,71,62,53
2020-12-29,63,77,62,57
2020-12-30,65,73,62,57
2021-01-04,52,69,62,55
2021-01-05,44,64,58,53
2021-01-06,40,58,53,52
2021-01-07,41,53,50,50
2021-01-08,51,66,57,55
2021-01-11,49,62,55,53
2021-01-12,54,63,57,54
2021-01-13,46,61,58,54
2021-01-14,60,69,63,58
2021-01-15,54,66,64,58
2021-01-18,51,65,61,56
2021-01-19,47,62,62,58
2021-01-20,47,62,60,58
2021-01-21,39,59,58,55
2021-01-22,35,53,56,53
2021-01-26,33,46,52,52
2021-01-27,31,47,55,51
2021-01-28,46,59,60,56
2021-01-29,27,44,55,54
2021-02-01,41,51,56,55
2021-02-02,50,57,57,58
2021-02-03,56,60,59,62
2021-02-04,52,54,56,60
2021-02-05,51,52,58,59
2021-02-08,50,50,57,59
2021-02-09,46,49,54,56
2021-02-10,34,43,51,53
2021-02-11,38,42,51,54
2021-02-12,35,40,49,55
2021-02-17,33,42,48,54
2021-02-18,28,37,47,53
2021-02-19,27,34,46,52
2021-02-22,21,28,35,48
2021-02-23,23,29,40,50
2021-02-24,27,30,36,48
2021-02-25,17,25,30,44
2021-02-26,13,23,29,41
2021-03-01,17,23,28,41
2021-03-02,20,21,31,42
2021-03-03,21,23,29,41
2021-03-04,24,25,32,44
2021-03-05,30,27,36,46
2021-03-08,18,20,27,41
2021-03-09,22,24,27,41
2021-03-10,28,25,32,43
2021-03-11,36,27,36,48
2021-03-12,39,26,36,50
2021-03-15,50,29,39,53
2021-03-16,43,28,36,50
2021-03-17,64,36,41,54
2021-03-18,53,30,38,52
2021-03-19,66,37,44,55
2021-03-22,66,35,44,53
2021-03-23,63,34,44,55
2021-03-24,50,31,38,51
2021-03-25,63,36,44,53
2021-03-26,61,36,43,52
2021-03-29,55,35,43,50
2021-03-30,69,42,47,55
2021-03-31,69,42,46,54
2021-04-01,63,41,44,52
2021-04-05,72,44,48,55
2021-04-06,78,50,51,56
2021-04-07,71,48,50,54
2021-04-08,73,51,51,54
2021-04-09,73,52,50,54
2021-04-12,75,55,53,54
2021-04-13,74,56,52,54
2021-04-14,68,57,49,55
2021-04-15,70,60,53,56
2021-04-16,73,61,57,58
2021-04-19,74,61,55,57
2021-04-20,75,59,55,57
2021-04-22,68,58,53,55
2021-04-23,73,65,53,56
2021-04-26,67,63,53,58
2021-04-27,57,60,50,55
2021-04-28,64,62,50,55
2021-04-29,62,62,52,55
2021-04-30,57,57,48,51
2021-05-03,56,61,51,52
2021-05-04,52,59,49,49
2021-05-05,56,62,52,52
2021-05-06,55,58,51,52
2021-05-07,63,62,56,53
2021-05-10,58,63,54,53
2021-05-11,56,62,54,52
2021-05-12,44,56,50,49
2021-05-13,47,62,52,52
2021-05-14,56,66,57,53
2021-05-17,59,70,61,54
2021-05-18,56,70,60,54
2021-05-19,54,67,58,55
2021-05-20,58,69,58,55
2021-05-21,56,65,58,53
2021-05-24,60,68,58,54
2021-05-25,58,68,58,54
2021-05-26,61,71,61,55
2021-05-27,63,75,61,57
2021-05-28,69,74,60,57
2021-05-31,67,75,60,56
2021-06-01,78,79,66,58
2021-06-02,78,78,67,57
2021-06-04,78,79,68,59
2021-06-07,75,79,68,59
2021-06-08,71,77,68,59
2021-06-09,71,78,67,59
2021-06-10,74,77,68,59
2021-06-11,69,76,65,57
2021-06-14,68,76,68,58
2021-06-15,69,77,67,59
2021-06-16,65,74,68,58
2021-06-17,58,70,66,57
2021-06-18,55,71,66,57
2021-06-21,56,72,65,56
2021-06-22,55,67,67,56
2021-06-23,53,66,66,55
2021-06-24,56,69,68,56
2021-06-25,45,64,65,55
2021-06-28,43,62,65,56
2021-06-29,43,59,63,56
2021-06-30,44,60,63,55
2021-07-01,37,56,60,52
2021-07-02,46,58,63,55
2021-07-05,43,58,64,54
2021-07-06,38,46,56,52
2021-07-07,40,51,60,53
2021-07-08,33,46,58,52
2021-07-12,40,50,60,54
2021-07-13,44,53,60,54
2021-07-14,42,55,61,55
2021-07-15,35,49,60,55
2021-07-16,33,42,57,53
2021-07-19,24,38,53,52
2021-07-20,27,40,54,53
2021-07-21,30,40,54,54
2021-07-22,35,41,55,53
2021-07-23,27,37,52,52
2021-07-26,26,34,50,51
2021-07-27,21,31,45,49
2021-07-28,23,35,48,49
2021-07-29,24,34,45,47
2021-07-30,15,26,42,45
2021-08-02,22,29,44,46
2021-08-03,21,30,43,45
2021-08-04,15,26,41,44
2021-08-05,14,23,38,43
2021-08-06,15,21,38,43
2021-08-09,22,25,40,42
2021-08-10,21,25,39,42
2021-08-11,22,25,40,42
2021-08-12,20,22,36,40
2021-08-13,19,18,33,40
2021-08-16,15,15,27,38
2021-08-17,11,12,22,34
2021-08-18,12,12,21,35
2021-08-19,19,14,26,39
2021-08-20,26,19,27,39
2021-08-23,25,19,30,39
2021-08-24,36,23,35,42
2021-08-25,42,24,37,42
2021-08-26,33,18,29,39
2021-08-27,46,21,33,40
2021-08-30,41,21,32,41
2021-08-31,39,20,28,40
2021-09-01,42,22,29,41
2021-09-02,28,19,27,38
2021-09-03,28,20,27,38
2021-09-06,36,23,26,38
2021-09-08,17,13,19,32
2021-09-09,26,17,24,36
2021-09-10,25,18,22,35
2021-09-13,40,21,26,36
2021-09-14,42,24,28,36
2021-09-15,38,22,27,37
2021-09-16,32,22,26,36
2021-09-17,28,21,22,35
2021-09-20,17,16,18,31
2021-09-21,24,16,20,32
2021-09-22,32,19,20,35
2021-09-23,39,22,23,36
2021-09-24,34,22,22,35
2021-09-27,38,23,22,34
2021-09-28,25,19,19,32
2021-09-29,28,19,20,32
2021-09-30,31,20,21,33
2021-10-01,43,23,24,34
2021-10-04,29,20,19,31
2021-10-05,27,20,19,30
2021-10-06,24,19,16,28
2021-10-07,24,19,16,27
2021-10-08,33,19,19,31
2021-10-11,34,20,18,27
2021-10-13,46,25,21,30
2021-10-14,44,24,20,29
2021-10-15,54,27,21,32
2021-10-18,56,29,22,31
2021-10-19,32,22,17,28
2021-10-20,33,22,17,27
2021-10-21,18,17,14,22
2021-10-22,13,15,11,19
2021-10-25,21,18,16,24
2021-10-26,14,16,11,20
2021-10-27,15,16,12,21
2021-10-28,13,11,10,18
2021-10-29,16,11,11,17
2021-11-01,18,14,12,19
2021-11-03,27,18,13,22
2021-11-04,20,14,12,19
2021-11-05,26,18,11,19
2021-11-08,27,19,13,18
2021-11-09,30,20,14,20
2021-11-10,40,23,15,22
2021-11-11,58,27,18,25
2021-11-12,47,25,14,23
2021-11-16,29,16,12,19
2021-11-17,21,11,9,15
2021-11-18,26,11,10,14
2021-11-19,34,15,9,16
2021-11-22,26,13,11,14
2021-11-23,28,15,10,15
2021-11-24,29,17,12,16
2021-11-25,36,21,14,18
2021-11-26,25,16,11,16
2021-11-29,26,16,11,15
2021-11-30,21,14,11,16
2021-12-01,19,12,10,15
2021-12-02,27,20,13,17
2021-12-03,34,22,15,18
2021-12-06,42,27,15,19
2021-12-07,47,29,15,18
2021-12-08,60,33,18,20
2021-12-09,52,29,16,19
2021-12-10,63,36,17,20
2021-12-13,64,33,17,21
2021-12-14,52,28,14,19
2021-12-15,58,32,17,19
2021-12-16,53,30,17,19
2021-12-17,60,35,17,20
2021-12-20,43,25,14,18
2021-12-21,40,24,14,17
2021-12-22,39,26,15,17
2021-12-23,35,26,15,18
2021-12-27,43,29,16,18
2021-12-28,43,33,17,19
2021-12-29,40,28,17,19
2021-12-30,51,37,18,18
2022-01-03,32,25,17,17
2022-01-04,22,22,17,17
2022-01-05,15,17,14,12
2022-01-06,14,16,14,13
2022-01-07,17,18,15,14
2022-01-10,18,18,15,14
2022-01-11,22,19,17,14
2022-01-12,28,23,18,17
2022-01-13,28,22,19,18
2022-01-14,32,25,21,18
2022-01-17,32,23,19,18
2022-01-18,32,24,18,17
2022-01-19,41,29,20,19
2022-01-20,62,40,23,18
2022-01-21,62,41,23,18
2022-01-24,56,38,21,17
2022-01-25,65,44,25,19
2022-01-26,71,49,29,21
2022-01-27,76,53,31,21
2022-01-28,78,56,32,21
2022-01-31,82,69,39,25
2022-02-01,88,68,38,24
2022-02-02,84,65,35,22
2022-02-03,78,61,35,21
2022-02-04,69,56,32,21
2022-02-07,68,54,32,21
2022-02-08,63,55,34,21
2022-02-09,63,57,34,21
2022-02-10,64,59,35,23
2022-02-11,52,53,32,23
2022-02-14,51,54,32,21
2022-02-15,64,64,39,24
2022-02-16,63,64,38,22
2022-02-17,51,57,35,22
2022-02-18,47,52,33,20
2022-02-21,24,39,27,18
2022-02-22,33,46,33,20
2022-02-23,34,45,32,19
2022-02-24,33,44,29,20
2022-02-25,31,43,27,21
2022-03-02,34,42,30,20
2022-03-03,39,45,33,21
2022-03-04,32,40,30,20
2022-03-07,25,33,27,20
2022-03-08,27,31,28,19
2022-03-09,40,45,35,20
2022-03-10,39,43,33,21
2022-03-11,27,36,29,21
2022-03-14,24,33,27,21
2022-03-15,24,31,29,20
2022-03-16,32,35,30,21
2022-03-17,39,41,35,24
2022-03-18,61,51,41,25
2022-03-21,59,50,39,25
2022-03-22,72,56,44,29
2022-03-23,77,60,47,29
2022-03-24,81,68,52,31
2022-03-25,81,70,54,31
2022-03-28,82,69,53,32
2022-03-29,85,77,59,34
2022-03-30,83,75,58,31
2022-03-31,78,71,55,33
2022-04-01,80,76,60,33
2022-04-04,80,76,60,33
2022-04-05,73,69,58,32
2022-04-06,63,60,50,30
2022-04-07,58,60,48,30
2022-04-08,50,55,49,30
2022-04-11,39,48,44,29
2022-04-12,36,48,44,29
2022-04-13,39,50,46,28
2022-04-14,29,48,44,28
2022-04-18,31,45,43,27
2022-04-19,29,45,45,27
2022-04-20,26,44,45,27
2022-04-22,15,36,41,25
2022-04-25,18,37,40,24
2022-04-26,13,31,34,21
2022-04-27,17,30,35,23
2022-04-28,23,33,36,23
2022-04-29,18,27,30,21
2022-05-02,13,24,28,20
2022-05-03,17,23,27,20
2022-05-04,27,31,36,21
2022-05-05,21,25,30,20
2022-05-06,18,22,24,18
2022-05-09,13,17,22,18
2022-05-10,13,19,24,17
2022-05-11,15,19,24,18
2022-05-12,22,25,28,19
2022-05-13,36,27,30,21
2022-05-16,40,32,33,22
2022-05-17,48,34,36,23
2022-05-18,36,29,32,20
2022-05-19,40,29,32,20
2022-05-20,44,30,33,21
2022-05-23,54,36,35,21
2022-05-24,52,34,35,22
2022-05-25,53,36,36,22
2022-05-26,63,38,39,22
2022-05-27,63,40,39,23
2022-05-30,64,37,37,23
2022-05-31,58,37,36,23
2022-06-01,52,34,37,22
2022-06-02,61,37,39,23
2022-06-03,52,33,36,21
2022-06-06,38,30,34,21
2022-06-07,29,27,30,21
2022-06-08,24,23,30,21
2022-06-09,19,21,28,21
2022-06-10,15,18,25,20
2022-06-13,8,13,21,17
2022-06-14,7,10,21,17
2022-06-15,8,13,22,18
2022-06-17,9,11,21,17
2022-06-20,7,10,19,17
2022-06-21,8,9,16,15
2022-06-22,6,10,16,14
2022-06-23,9,10,15,14
2022-06-24,11,9,15,15
2022-06-27,14,12,18,15
2022-06-28,14,11,18,14
2022-06-29,10,9,16,15
2022-06-30,12,10,15,14
2022-07-01,17,10,15,14
2022-07-04,15,10,14,14
2022-07-05,19,9,14,13
2022-07-06,31,11,15,14
2022-07-07,43,14,17,14
2022-07-08,45,17,19,15
2022-07-11,39,13,17,15
2022-07-12,43,17,16,14
2022-07-13,45,17,18,16
2022-07-14,38,16,14,15
2022-07-15,44,17,16,15
2022-07-18,38,16,17,15
2022-07-19,45,19,17,15
2022-07-20,63,24,20,15
2022-07-21,69,29,19,16
2022-07-22,65,29,21,17
2022-07-25,64,32,21,18
2022-07-26,53,27,20,17
2022-07-27,74,38,23,19
2022-07-28,82,46,27,21
2022-07-29,80,45,30,22
2022-08-01,79,47,30,20
2022-08-02,78,48,30,22
2022-08-03,84,54,34,23
2022-08-04,89,67,43,28
2022-08-05,91,69,46,29
2022-08-08,91,73,47,29
2022-08-09,90,70,44,29
2022-08-10,91,77,53,36
2022-08-11,88,73,50,32
2022-08-12,90,79,53,37
2022-08-15,91,82,58,39
2022-08-16,86,81,55,39
2022-08-17,86,79,56,39
2022-08-18,79,79,52,36
2022-08-19,66,73,46,33
2022-08-22,58,69,44,30
2022-08-23,66,77,50,34
2022-08-24,72,80,53,37
2022-08-25,70,81,55,40
2022-08-26,61,80,53,35
2022-08-29,61,80,53,36
2022-08-30,46,77,48,34
2022-08-31,43,76,48,34
2022-09-01,48,77,52,37
2022-09-02,50,78,54,38
2022-09-05,57,77,55,41
2022-09-06,43,72,47,38
2022-09-08,42,74,49,38
2022-09-09,52,76,57,43
2022-09-12,58,77,60,43
2022-09-13,42,73,54,41
2022-09-14,41,72,53,39
2022-09-15,37,69,52,39
2022-09-16,34,66,49,38
2022-09-19,45,69,53,41
2022-09-20,48,69,53,42
2022-09-21,52,70,56,44
2022-09-22,60,74,59,46
2022-09-23,54,69,57,44
2022-09-26,36,60,47,41
2022-09-27,25,54,45,38
2022-09-28,28,54,48,39
2022-09-29,23,47,43,39
2022-09-30,35,52,48,40
2022-10-03,60,67,58,43
2022-10-04,61,67,59,43
2022-10-05,61,67,60,45
2022-10-06,67,67,62,45
2022-10-07,60,66,60,44
2022-10-10,62,67,60,44
2022-10-11,54,62,59,43
2022-10-13,55,60,57,43
2022-10-14,38,52,56,43
2022-10-17,48,57,60,45
2022-10-18,58,62,61,48
2022-10-19,59,58,61,47
2022-10-20,51,57,62,46
2022-10-21,63,62,64,49
2022-10-24,54,58,62,48
2022-10-25,45,53,60,45
2022-10-26,31,42,55,43
2022-10-27,45,50,61,47
2022-10-28,48,50,61,48
2022-10-31,61,57,66,50
2022-11-01,66,63,67,53
2022-11-03,71,67,67,53
2022-11-04,70,68,67,51
2022-11-07,53,55,63,48
2022-11-08,55,55,64,50
2022-11-09,46,49,61,47
2022-11-10,15,27,46,40
2022-11-11,22,30,42,40
2022-11-14,22,33,45,41
2022-11-16,12,25,34,34
2022-11-17,11,21,33,33
2022-11-18,10,18,32,32
2022-11-21,15,25,36,35
2022-11-22,14,21,32,32
2022-11-23,10,18,29,31
2022-11-24,20,24,36,37
2022-11-25,13,20,32,32
2022-11-28,10,17,30,30
2022-11-29,14,20,34,33
2022-11-30,22,22,35,35
2022-12-01,15,19,33,31
2022-12-02,25,20,35,33
2022-12-05,16,18,30,29
2022-12-06,19,19,30,30
2022-12-07,23,19,30,30
2022-12-08,15,16,24,26
2022-12-09,16,15,25,23
2022-12-12,13,10,19,22
2022-12-13,12,11,19,20
2022-12-14,15,12,21,20
2022-12-15,17,13,21,21
2022-12-16,17,12,21,19
2022-12-19,23,12,21,23
2022-12-20,35,16,25,26
2022-12-21,40,18,27,27
2022-12-22,45,19,25,28
2022-12-23,67,24,29,30
2022-12-26,59,25,29,30
2022-12-27,44,19,25,27
2022-12-28,67,27,30,31
2022-12-29,64,27,30,30
2023-01-02,33,18,26,28
2023-01-03,23,12,21,26
2023-01-04,25,13,20,27
2023-01-05,47,15,23,29
2023-01-06,61,19,26,30
2023-01-09,60,21,27,30
2023-01-10,76,31,33,35
2023-01-11,83,41,37,39
2023-01-12,81,34,33,39
2023-01-13,67,29,31,35
2023-01-16,57,29,30,34
2023-01-17,66,34,33,35
2023-01-18,68,38,36,37
2023-01-19,72,41,39,37
2023-01-20,63,37,37,36
2023-01-23,62,37,33,34
2023-01-24,73,49,38,39
2023-01-25,83,53,41,42
2023-01-26,81,55,41,42
2023-01-27,74,51,38,38
2023-01-30,63,48,39,40
2023-01-31,75,58,43,43
2023-02-01,70,56,42,42
2023-02-02,59,55,40,41
2023-02-03,37,47,31,38
2023-02-06,34,47,31,37
2023-02-07,26,45,27,34
2023-02-08,37,51,34,39
2023-02-09,21,38,27,35
2023-02-10,26,40,30,36
2023-02-13,33,41,33,37
2023-02-14,26,36,31,35
2023-02-15,38,47,37,38
2023-02-16,38,48,34,38
2023-02-17,37,47,32,39
2023-02-22,28,41,28,38
2023-02-23,26,42,30,35
2023-02-24,21,36,27,35
2023-02-27,24,35,29,34
2023-02-28,22,37,26,33
2023-03-01,16,31,25,31
2023-03-02,16,29,24,29
2023-03-03,18,29,21,30
2023-03-06,27,32,25,31
2023-03-07,30,34,25,31
2023-03-08,57,46,33,37
2023-03-09,57,46,33,34
2023-03-10,43,39,29,34
2023-03-13,45,39,29,33
2023-03-14,42,37,26,31
2023-03-15,46,38,29,31
2023-03-16,50,42,29,33
2023-03-17,38,34,23,26
2023-03-20,23,25,18,24
2023-03-21,23,22,18,22
2023-03-22,25,24,19,22
2023-03-23,12,15,14,17
2023-03-24,22,22,18,21
2023-03-27,27,27,21,25
2023-03-28,41,30,23,28
2023-03-29,41,29,25,27
2023-03-30,57,38,29,33
2023-03-31,48,32,27,30
2023-04-03,35,27,25,26
2023-04-04,43,29,27,30
2023-04-05,38,26,26,26
2023-04-06,38,27,25,28
2023-04-10,43,26,26,29
2023-04-11,74,49,38,39
2023-04-12,82,51,44,42
2023-04-13,79,54,47,42
2023-04-14,78,54,45,41
2023-04-17,78,51,47,42
2023-04-18,72,49,42,42
2023-04-19,49,43,32,35
2023-04-20,55,43,36,37
2023-04-24,55,41,36,36
2023-04-25,46,39,35,33
2023-04-26,43,41,35,35
2023-04-27,50,45,39,38
2023-04-28,67,51,43,40
2023-05-02,49,46,38,34
2023-05-03,54,50,41,34
2023-05-04,59,52,43,38
2023-05-05,75,59,54,46
2023-05-08,76,62,54,47
2023-05-09,79,68,56,49
2023-05-10,81,71,61,49
2023-05-11,83,75,64,51
2023-05-12,78,75,63,51
2023-05-15,81,75,65,54
2023-05-16,71,68,61,50
2023-05-17,78,72,66,55
2023-05-18,83,78,68,59
2023-05-19,86,82,70,61
2023-05-22,87,85,70,62
2023-05-23,85,82,69,62
2023-05-24,79,78,67,60
2023-05-25,83,81,70,63
2023-05-26,83,83,73,64
2023-05-29,83,84,73,65
2023-05-30,72,79,69,62
2023-05-31,64,78,69,61
2023-06-01,71,82,73,65
2023-06-02,82,86,76,66
2023-06-05,80,87,76,67
2023-06-06,90,91,81,67
2023-06-07,93,91,81,69
2023-06-09,92,91,84,70
2023-06-12,92,91,83,71
2023-06-13,82,91,80,70
2023-06-14,90,91,83,71
2023-06-15,89,92,85,72
2023-06-16,85,92,83,72
2023-06-19,86,94,86,74
2023-06-20,87,90,86,74
2023-06-21,85,90,85,75
2023-06-22,78,87,81,71
2023-06-23,81,89,83,73
2023-06-26,69,87,82,71
2023-06-27,57,83,77,69
2023-06-28,43,82,76,68
2023-06-29,63,85,79,70
2023-06-30,70,86,79,72
2023-07-03,71,87,82,74
2023-07-04,68,87,83,75
2023-07-05,70,87,85,77
2023-07-06,54,84,82,72
2023-07-07,66,86,84,75
2023-07-10,59,85,83,74
2023-07-11,50,82,81,71
2023-07-12,47,79,81,71
2023-07-13,58,82,81,73
2023-07-14,35,78,79,69
2023-07-17,43,78,79,69
2023-07-18,42,76,80,70
2023-07-19,41,72,78,67
2023-07-20,45,73,79,68
2023-07-21,58,78,81,70
2023-07-24,65,82,84,72
2023-07-25,69,82,83,75
2023-07-26,69,82,85,75
2023-07-27,55,80,83,74
2023-07-28,62,81,85,73
2023-07-31,70,82,87,73
2023-08-01,70,82,87,75
2023-08-02,69,81,86,74
2023-08-03,67,78,86,75
2023-08-04,67,78,86,75
2023-08-07,62,73,84,75
2023-08-08,58,70,84,73
2023-08-09,51,65,79,70
2023-08-10,51,65,81,73
2023-08-11,46,65,81,71
2023-08-14,39,57,79,69
2023-08-15,37,55,78,69
2023-08-16,36,53,75,67
2023-08-17,25,46,71,65
2023-08-18,26,48,73,66
2023-08-21,21,40,71,64
2023-08-22,30,47,74,68
2023-08-23,39,51,77,70
2023-08-24,38,50,73,67
2023-08-25,27,42,69,65
2023-08-28,27,42,72,67
2023-08-29,41,47,76,69
2023-08-30,38,43,75,69
2023-08-31,22,34,65,61
2023-09-01,38,42,71,64
2023-09-04,39,41,70,64
2023-09-05,33,36,68,62
2023-09-06,24,33,63,61
2023-09-08,23,31,60,61
2023-09-11,37,35,66,63
2023-09-12,53,43,69,66
2023-09-13,58,43,71,66
2023-09-14,58,42,73,67
2023-09-15,51,41,70,68
2023-09-18,47,38,65,63
2023-09-19,38,36,63,62
2023-09-20,46,38,65,64
2023-09-21,31,31,60,61
2023-09-22,29,29,54,61
2023-09-25,28,27,51,61
2023-09-26,18,23,48,58
2023-09-27,13,22,46,55
2023-09-28,25,24,50,59
2023-09-29,31,31,54,63
2023-10-02,20,24,47,57
2023-10-03,12,19,37,52
2023-10-04,19,21,39,54
2023-10-05,19,19,38,50
2023-10-06,15,18,37,50
2023-10-09,20,21,40,51
2023-10-10,41,34,46,59
2023-10-11,39,33,45,58
2023-10-13,26,24,37,50
2023-10-16,28,23,38,51
2023-10-17,24,19,31,48
2023-10-18,13,15,25,45
2023-10-19,17,14,24,45
2023-10-20,16,15,25,45
2023-10-23,27,18,29,46
2023-10-24,33,23,32,48
2023-10-25,26,18,27,47
2023-10-26,46,26,39,48
2023-10-27,27,17,29,46
2023-10-30,15,12,22,43
2023-10-31,21,14,24,45
2023-11-01,37,22,29,46
2023-11-03,75,43,42,57
2023-11-06,68,43,39,55
2023-11-07,79,50,47,62
2023-11-08,82,50,45,62
2023-11-09,75,49,45,59
2023-11-10,81,55,49,62
2023-11-13,79,56,47,62
2023-11-14,89,67,58,70
2023-11-16,91,72,65,73
2023-11-17,90,70,63,73
2023-11-20,91,73,63,74
2023-11-21,89,66,58,70
2023-11-22,82,64,59,71
2023-11-23,84,69,60,71
2023-11-24,77,64,54,70
2023-11-27,77,64,57,70
2023-11-28,83,67,61,70
2023-11-29,77,68,58,71
2023-11-30,72,68,59,71
2023-12-01,79,73,62,74
2023-12-04,69,68,58,71
2023-12-05,72,71,61,71
2023-12-06,67,70,60,70
2023-12-07,71,74,63,73
2023-12-08,71,76,63,73
2023-12-11,66,73,63,73
2023-12-12,67,74,63,74
2023-12-13,86,83,72,76
2023-12-14,87,87,74,78
2023-12-15,79,85,73,78
2023-12-18,84,86,75,78
2023-12-19,86,87,77,78
2023-12-20,85,86,73,78
2023-12-21,84,87,77,78
2023-12-22,86,88,76,80
2023-12-26,86,89,79,82
2023-12-27,89,90,80,81
2023-12-28,83,89,83,82
2024-01-02,61,82,69,79
2024-01-03,63,81,71,79
2024-01-04,43,78,66,75
2024-01-05,49,81,71,76
2024-01-08,58,82,75,81
2024-01-09,51,82,73,78
2024-01-10,45,77,71,77
2024-01-11,34,78,71,75
2024-01-12,41,81,74,77
2024-01-15,41,79,74,76
2024-01-16,27,72,66,75
2024-01-17,25,67,64,73
2024-01-18,18,55,61,69
2024-01-19,22,59,65,70
2024-01-22,17,51,57,66
2024-01-23,25,58,63,70
2024-01-24,22,55,62,67
2024-01-25,24,53,62,69
2024-01-26,27,56,63,68
2024-01-29,25,52,61,66
2024-01-30,17,43,54,65
2024-01-31,25,51,58,66
2024-02-01,29,50,60,65
2024-02-02,23,42,57,63
2024-02-05,25,37,53,62
2024-02-06,41,45,57,65
2024-02-07,50,46,59,67
2024-02-08,34,38,53,64
2024-02-09,34,38,53,62
2024-02-14,26,33,46,60
2024-02-15,31,31,49,62
2024-02-16,42,35,51,63
2024-02-19,41,38,51,62
2024-02-20,60,44,56,65
2024-02-21,57,45,53,65
2024-02-22,62,47,59,66
2024-02-23,55,41,57,65
2024-02-26,53,43,57,65
2024-02-27,70,56,64,68
2024-02-28,67,51,60,68
2024-02-29,59,44,60,66
2024-03-01,62,50,59,67
2024-03-04,51,44,55,65
2024-03-05,54,47,56,65
2024-03-06,55,48,58,65
2024-03-07,51,47,58,64
2024-03-08,56,49,56,65
2024-03-11,51,45,57,64
2024-03-12,65,49,60,65
2024-03-13,64,54,62,65
2024-03-14,64,53,58,64
2024-03-15,55,50,57,62
2024-03-18,49,47,56,61
2024-03-19,50,48,57,61
2024-03-20,67,60,66,66
2024-03-21,63,54,65,66
2024-03-22,49,49,59,63
2024-03-25,45,47,59,63
2024-03-26,43,47,56,62
2024-03-27,49,47,59,63
2024-03-28,54,51,61,65
2024-04-01,42,47,57,62
2024-04-02,44,46,57,63
2024-04-03,37,43,57,62
2024-04-04,41,45,59,62
2024-04-05,39,46,56,61
2024-04-08,47,51,58,63
2024-04-09,59,58,59,65
2024-04-10,41,49,55,61
2024-04-11,39,47,53,60
2024-04-12,18,34,48,56
2024-04-15,15,29,40,47
2024-04-16,11,24,37,47
2024-04-17,9,24,34,45
2024-04-18,11,23,33,46
2024-04-19,17,26,37,46
2024-04-22,17,26,35,49
2024-04-23,17,23,32,48
2024-04-24,13,22,31,47
2024-04-25,17,23,31,46
2024-04-26,25,29,37,48
2024-04-29,35,34,39,50
2024-04-30,22,26,32,47
2024-05-02,38,31,37,50
2024-05-03,59,42,45,54
2024-05-06,54,38,41,52
2024-05-07,55,35,40,51
2024-05-08,59,35,42,51
2024-05-09,51,32,34,49
2024-05-10,43,30,34,46
2024-05-13,50,30,35,47
2024-05-14,54,33,35,48
2024-05-15,58,36,38,50
2024-05-16,60,40,41,51
2024-05-17,57,36,42,51
2024-05-20,57,39,43,50
2024-05-21,54,41,41,52
2024-05-22,36,30,31,46
2024-05-23,31,29,30,45
2024-05-24,27,27,29,41
2024-05-27,26,29,29,41
2024-05-28,17,23,26,40
2024-05-29,13,21,25,36
2024-05-31,10,18,22,34
2024-06-03,15,18,24,35
2024-06-04,13,15,24,33
2024-06-05,10,14,21,33
2024-06-06,23,19,25,34
2024-06-07,10,13,22,30
2024-06-10,8,11,17,28
2024-06-11,15,17,21,31
2024-06-12,9,12,17,29
2024-06-13,9,12,17,28
2024-06-14,11,14,17,27
2024-06-17,9,11,15,25
2024-06-18,12,11,15,26
2024-06-19,19,13,15,26
2024-06-20,22,14,15,25
2024-06-21,32,19,18,27
2024-06-24,51,23,22,33
2024-06-25,51,24,22,30
2024-06-26,52,22,21,31
2024-06-27,76,34,25,36
2024-06-28,65,28,23,33
2024-07-01,63,29,26,33
2024-07-02,59,35,23,35
2024-07-03,79,45,30,39
2024-07-04,87,57,39,43
2024-07-05,89,59,41,44
2024-07-08,89,58,38,43
2024-07-09,92,62,42,45
2024-07-10,93,65,43,44
2024-07-11,91,73,47,50
2024-07-12,94,77,50,49
2024-07-15,93,77,50,51
2024-07-16,93,74,49,50
2024-07-17,89,75,52,52
2024-07-18,69,59,41,43
2024-07-19,59,59,39,43
2024-07-22,67,65,43,46
2024-07-23,46,52,38,42
2024-07-24,33,47,35,37
2024-07-25,29,46,34,37
2024-07-26,38,54,35,40
2024-07-29,29,42,33,37
2024-07-30,23,38,31,38
2024-07-31,28,48,35,39
2024-08-01,29,46,37,40
2024-08-02,31,50,34,38
2024-08-05,22,45,32,36
2024-08-06,26,43,33,37
2024-08-07,45,56,42,43
2024-08-08,57,62,49,47
2024-08-09,69,71,60,51
2024-08-12,73,70,58,51
2024-08-13,75,74,59,54
2024-08-14,75,71,61,55
2024-08-15,75,70,62,55
2024-08-16,70,68,58,54
2024-08-19,83,77,66,60
2024-08-20,82,76,67,59
2024-08-21,82,79,68,60
2024-08-22,71,74,62,57
2024-08-23,80,77,67,60
2024-08-26,79,78,65,60
2024-08-27,75,75,67,61
2024-08-28,73,75,65,59
2024-08-29,55,70,61,57
2024-08-30,57,68,61,58
2024-09-02,50,66,61,58
2024-09-03,43,64,56,55
2024-09-04,61,69,63,58
2024-09-05,58,70,63,59
2024-09-06,48,66,59,56
2024-09-09,42,63,57,55
2024-09-10,39,64,59,56
2024-09-11,42,66,60,56
2024-09-12,33,62,58,55
2024-09-13,47,69,62,57
2024-09-16,51,69,63,58
2024-09-17,51,67,63,58
2024-09-18,47,65,63,57
2024-09-19,35,55,57,54
2024-09-20,15,41,47,47
2024-09-23,15,37,44,49
2024-09-24,22,39,50,51
2024-09-25,17,37,45,46
2024-09-26,17,37,46,47
2024-09-27,23,38,49,50
2024-09-30,21,34,46,48
2024-10-01,21,34,49,45
2024-10-02,32,42,56,49
2024-10-03,26,35,47,45
2024-10-04,27,34,49,46
2024-10-07,29,34,50,46
2024-10-08,30,35,50,46
2024-10-09,19,29,43,41
2024-10-10,20,29,42,39
2024-10-11,19,28,41,39
2024-10-14,31,31,45,43
2024-10-15,34,33,47,43
2024-10-16,43,38,46,45
2024-10-17,38,34,44,44
2024-10-18,38,30,41,41
2024-10-21,38,32,40,42
2024-10-22,28,26,38,38
2024-10-23,30,24,35,37
2024-10-24,45,30,38,38
2024-10-25,37,25,36,35
2024-10-28,51,30,39,38
2024-10-29,42,26,37,37
2024-10-30,47,31,41,41
2024-10-31,47,27,37,40
2024-11-01,30,22,35,34
2024-11-04,61,35,42,41
2024-11-05,66,40,43,42
2024-11-06,65,41,48,38
2024-11-07,46,31,41,38
2024-11-08,30,26,37,37
2024-11-11,35,29,38,35
2024-11-12,35,29,35,35
2024-11-13,33,29,35,33
2024-11-14,27,25,36,34
2024-11-18,29,26,34,33
2024-11-19,34,30,37,35
2024-11-21,29,25,33,31
2024-11-22,41,31,38,35
2024-11-25,47,37,38,34
2024-11-26,55,46,46,40
2024-11-27,30,29,35,33
2024-11-28,17,19,26,25
2024-11-29,21,21,28,27
2024-12-02,22,22,27,25
2024-12-03,23,25,28,27
2024-12-04,22,25,27,26
2024-12-05,26,27,28,27
2024-12-06,25,23,26,27
2024-12-09,26,25,28,25
2024-12-10,34,31,30,28
2024-12-11,48,34,33,33
2024-12-12,23,24,26,26
2024-12-13,18,21,22,25
2024-12-16,17,18,20,23
2024-12-17,17,19,20,25
2024-12-18,9,14,17,21
2024-12-19,9,15,18,21
2024-12-20,15,17,19,23
2024-12-23,7,13,18,20
2024-12-26,11,11,15,19
2024-12-27,13,11,15,19
2024-12-30,13,13,15,19
2025-01-02,11,11,14,18
2025-01-03,10,10,11,17
2025-01-06,17,11,14,18
2025-01-07,27,13,15,18
2025-01-08,18,13,13,18
2025-01-09,22,13,14,17
2025-01-10,13,11,13,17
2025-01-13,15,11,12,17
2025-01-14,21,14,13,17
2025-01-15,58,21,18,18
2025-01-16,42,15,15,18
2025-01-17,51,18,18,18
2025-01-20,60,19,18,19
2025-01-21,65,21,18,19
2025-01-22,71,25,19,20
2025-01-23,59,22,19,20
2025-01-24,64,25,21,21
2025-01-27,82,39,23,26
2025-01-28,73,33,21,25
2025-01-29,71,34,22,25
2025-01-30,88,50,29,30
2025-01-31,81,49,29,33
2025-02-03,80,49,27,30
2025-02-04,74,46,27,29
2025-02-05,69,42,29,29
2025-02-06,73,51,32,33
2025-02-07,59,38,27,29
2025-02-10,63,50,29,30
2025-02-11,71,55,33,31
2025-02-12,55,45,26,29
2025-02-13,61,47,30,31
2025-02-14,78,70,42,39
2025-02-17,81,74,45,42
2025-02-18,79,70,44,38
2025-02-19,64,62,37,36
2025-02-20,63,65,37,35
2025-02-21,56,61,37,34
2025-02-24,34,50,30,31
2025-02-25,43,53,31,33
2025-02-26,26,48,28,30
2025-02-27,29,50,30,29
2025-02-28,18,41,24,26
2025-03-05,22,41,26,23
2025-03-06,27,46,29,26
2025-03-07,45,54,35,33
2025-03-10,40,49,37,31
2025-03-11,36,48,35,29
2025-03-12,37,52,36,30
2025-03-13,49,56,37,33
2025-03-14,68,63,49,39
2025-03-17,74,70,51,43
2025-03-18,77,70,52,44
2025-03-19,84,76,55,45
2025-03-20,77,72,54,44
2025-03-21,75,71,54,42
2025-03-24,70,68,53,42
2025-03-25,75,71,56,43
2025-03-26,74,77,57,43
2025-03-27,78,80,58,46
2025-03-28,68,73,54,46
2025-03-31,60,66,50,39
2025-04-01,66,71,56,41
2025-04-02,66,69,56,43
2025-04-03,71,71,60,47
2025-04-04,47,60,51,39
2025-04-07,31,55,49,35
2025-04-08,28,52,46,35
2025-04-09,51,62,52,40
2025-04-10,45,57,52,39
2025-04-11,52,62,53,41
2025-04-14,59,67,55,46
2025-04-15,63,68,61,47
2025-04-16,62,65,61,47
2025-04-17,67,70,63,49
2025-04-22,71,74,68,53
2025-04-23,75,75,70,56
2025-04-24,85,82,76,62
2025-04-25,82,79,75,62
2025-04-28,83,79,73,60
2025-04-29,82,79,73,61
2025-04-30,75,75,73,61
2025-05-02,80,80,74,64
2025-05-06,70,71,70,60
2025-05-09,70,70,70,57
2025-05-13,78,79,74,61
2025-05-15,73,80,75,62
2025-05-16,76,82,76,61
2025-05-19,76,78,75,62
2025-05-20,74,80,76,63
2025-05-23,65,73,73,62
2025-05-26,64,74,75,63
2025-05-27,80,80,76,64
2025-05-28,76,79,75,64
2025-05-29,72,79,76,64
2025-05-30,63,78,75,64
2025-06-02,57,73,74,63
2025-06-03,64,77,76,65
2025-06-04,60,75,73,64
2025-06-05,54,73,73,64
2025-06-06,47,72,72,65
2025-06-09,42,72,73,65
2025-06-10,49,73,77,65
2025-06-11,47,72,77,65
2025-06-12,45,72,77,65
2025-06-13,40,67,75,64
2025-06-16,54,77,78,66
2025-06-17,52,72,76,66
2025-06-18,52,73,75,66
2025-06-20,35,69,71,64
2025-06-23,31,66,71,63
2025-06-24,47,68,72,64
2025-06-25,34,65,70,63
2025-06-26,42,66,70,65
2025-06-27,43,65,70,65
2025-06-30,63,69,73,67
2025-07-01,59,70,73,66
2025-07-02,45,63,72,65
2025-07-03,61,69,75,65
2025-07-04,62,69,75,66
2025-07-08,54,66,75,65
2025-07-09,37,54,70,64
2025-07-10,34,49,69,65
2025-07-11,28,44,66,63
2025-07-14,23,40,64,62
2025-07-15,28,44,65,61
2025-07-16,28,46,65,60
2025-07-17,30,43,64,61
2025-07-18,17,31,60,56
2025-07-21,19,30,60,59
2025-07-22,19,29,59,60
2025-07-23,27,37,62,62
2025-07-24,21,31,58,61
2025-07-28,14,26,56,55
2025-07-29,16,25,60,57
2025-08-01,27,27,55,55
2025-08-04,27,26,55,55
2025-08-05,32,26,54,55
2025-08-06,47,31,57,56
2025-08-07,59,40,65,58
2025-08-08,55,44,60,58
2025-08-11,52,39,57,58
2025-08-12,63,48,61,58
2025-08-13,56,44,57,56
2025-08-14,55,46,57,57
2025-08-15,57,48,57,58
2025-08-18,60,50,58,60
2025-08-19,45,31,54,57
2025-08-20,47,37,54,57
2025-08-21,40,36,52,55
2025-08-22,66,52,58,58
2025-08-25,69,52,58,58
2025-08-26,63,50,58,58
2025-08-27,75,58,61,59
2025-08-28,83,67,64,61
2025-08-29,83,69,66,63
